basin_key,source_key,midpoints_log_A,mean_log_A,median_log_A,logA_stdErr,logA_MAD,mean_log_S,median_log_S,logS_FirstQuartile,logS_ThirdQuartile,logS_stdDev,n_observations
0,0,6.65,6.68958,6.68623,0.00290027,0,-1.19905,-1.20491,-1.22307,-1.17502,0.0283594,4
0,0,6.75,6.71032,6.70714,0.00146955,0.00230694,-1.06602,-1.06879,-1.13374,-0.986107,0.102305,18
0,0,7.05,7.05138,7.05327,0.000984972,0.00477982,-1.185,-1.18253,-1.23961,-1.14342,0.0889842,27
0,0,7.15,7.19591,7.19534,0.000487656,5.00679e-05,-1.18931,-1.16233,-1.21303,-1.15211,0.0532725,3
0,0,7.25,7.26423,7.26658,0.00489599,0.0287223,-1.22669,-1.23396,-1.26473,-1.1865,0.0816268,38
0,0,7.35,7.36145,7.36875,0.00288177,0.0194087,-1.26209,-1.29019,-1.39922,-1.18506,0.20933,80
0,0,7.45,7.44489,7.44128,0.00209989,0.0215526,-1.42443,-1.41768,-1.46263,-1.37835,0.0687421,141
0,0,7.55,7.50607,7.5065,0.000232388,0.00108814,-1.48219,-1.49587,-1.52847,-1.44936,0.0572576,32
0,0,7.85,7.87176,7.87215,0.000795749,0.00113153,-1.5948,-1.59246,-1.61424,-1.57352,0.0446995,37
0,0,7.95,7.92044,7.922,0.000872201,0.00430536,-1.73732,-1.73786,-1.76985,-1.69468,0.0473262,47
0,0,8.15,8.12876,8.12886,0.000109465,1.43051e-05,-1.82655,-1.81031,-1.84152,-1.79363,0.0495944,14
0,0,8.25,8.24369,8.2437,1.7831e-05,6.67572e-06,-1.67931,-1.89586,-1.90441,-1.88544,0.495427,6
0,1,6.75,6.72713,6.73304,0.00224928,0.00517273,-0.941133,-0.930063,-0.995244,-0.893545,0.0795778,21
0,2,6.65,6.66765,6.65779,0.00919925,0.00137782,-0.926873,-0.926904,-1.00912,-0.844621,0.0828158,4
0,2,6.75,6.72947,6.72384,0.00377745,0.00628328,-0.892093,-0.902149,-0.994592,-0.799816,0.162145,30
0,2,6.85,6.89086,6.88793,0.00167825,0.000202656,-1.00584,-1.03598,-1.03895,-0.94164,0.064615,5
0,2,6.95,6.94354,6.95651,0.00497307,0.011945,-1.03731,-1.03513,-1.08175,-0.999359,0.0647671,34
0,2,7.05,7.00147,7.00152,7.09466e-05,0,-1.0681,-1.07561,-1.12198,-1.02837,0.0619014,6
0,2,7.25,7.26238,7.26589,0.00132566,0.00662422,-1.15523,-1.14511,-1.18253,-1.11345,0.0538866,37
0,2,7.35,7.3316,7.31975,0.00630077,0.00291014,-1.20591,-1.20833,-1.27154,-1.13782,0.0729939,24
0,2,7.45,7.42848,7.43377,0.00168642,0.00808716,-1.19139,-1.17901,-1.28868,-1.07159,0.140474,84
0,2,7.55,7.5393,7.53576,0.00230824,0.0131044,-1.38851,-1.39538,-1.45647,-1.30595,0.0953634,90
0,2,7.65,7.60957,7.60928,0.000151788,0.00027895,-1.50784,-1.51616,-1.56968,-1.45854,0.073302,23
0,3,6.65,6.67923,6.67721,0.00101316,0.00261974,-1.13706,-1.15358,-1.20566,-1.05965,0.0918047,14
0,3,6.75,6.70181,6.70181,0,0,-1.15797,-1.15797,-1.15797,-1.15797,0,1
0,3,6.85,6.89761,6.89774,0.000250005,0.000346422,-1.29723,-1.3125,-1.34926,-1.27249,0.0615917,6
0,3,6.95,6.95279,6.96687,0.00406406,0.0214806,-1.16833,-1.18755,-1.23624,-1.11954,0.084108,42
0,3,7.05,7.05561,7.05927,0.00376996,0.0286355,-1.18596,-1.21306,-1.30849,-1.10652,0.154487,52
0,3,7.15,7.13229,7.13543,0.00219722,0.0188308,-1.31215,-1.3318,-1.37288,-1.2772,0.0863356,87
0,3,7.25,7.24872,7.27961,0.00521135,0.00863934,-1.42065,-1.41448,-1.51226,-1.36226,0.0926512,51
0,3,7.35,7.33836,7.31457,0.00406325,0.0126181,-1.51824,-1.50674,-1.56536,-1.47128,0.0627088,72
0,3,7.45,7.49095,7.49019,0.000623866,0.000189304,-1.70157,-1.71028,-1.71877,-1.70669,0.0295963,5
0,3,7.55,7.57628,7.57588,0.00193313,0.0212781,-1.70943,-1.70279,-1.73496,-1.68083,0.0404734,88
0,4,6.75,6.75003,6.76716,0.00496944,0.0190206,-0.963255,-0.975287,-0.995248,-0.931228,0.0507117,29
0,4,6.85,6.85537,6.85379,0.00122375,0.00556326,-0.919582,-0.950379,-1.07093,-0.83871,0.185929,21
0,5,6.65,6.66399,6.66765,0.0015913,0.000252008,-0.88744,-0.92448,-1.06523,-0.709383,0.181473,10
0,5,6.75,6.7461,6.7481,0.00166565,0.00153875,-0.781327,-0.781701,-0.798734,-0.745956,0.0578459,9
0,5,6.85,6.84207,6.83943,0.00160714,0.00628996,-0.935008,-0.930069,-0.971462,-0.880947,0.0750802,17
0,5,6.95,6.97595,6.97377,0.00194296,0.00698996,-0.896008,-0.874455,-0.98015,-0.769304,0.162313,27
0,5,7.05,7.0488,7.06825,0.004691,0.00846815,-0.974406,-0.983235,-1.06472,-0.884108,0.107601,27
0,5,7.15,7.17142,7.18943,0.00453118,0.00388765,-1.07352,-1.06686,-1.14579,-0.999819,0.0832524,24
0,5,7.25,7.25578,7.24906,0.0033283,0.0246758,-1.05209,-1.04987,-1.19694,-0.949659,0.193526,58
0,5,7.35,7.3501,7.357,0.00176892,0.01156,-1.24489,-1.25774,-1.3201,-1.18257,0.115086,123
0,5,7.45,7.46834,7.46767,0.00113518,0.00724936,-1.48339,-1.48388,-1.51311,-1.44461,0.0442506,73
0,5,7.65,7.69525,7.69525,0,0,-1.55135,-1.55135,-1.55135,-1.55135,0,1
0,6,6.65,6.6823,6.68252,0.000423896,0.000731468,-0.862958,-0.862463,-0.88175,-0.823104,0.0458214,7
0,6,6.75,6.75509,6.76029,0.0026358,0.00966644,-0.908036,-0.920455,-0.971462,-0.849489,0.0910503,25
0,6,6.85,6.89441,6.89585,0.000848902,0.000248432,-0.920449,-0.932163,-1.02474,-0.808413,0.163377,15
0,6,6.95,6.92831,6.93397,0.00300701,0.00411463,-0.9153,-0.950273,-0.989307,-0.859899,0.104708,21
0,6,7.05,7.05264,7.05014,0.00480019,0.034368,-1.02681,-1.07206,-1.10051,-0.935857,0.091823,35
0,6,7.15,7.15665,7.16443,0.00380556,0.0233948,-1.09809,-1.10509,-1.16858,-1.05276,0.0946313,62
0,6,7.25,7.24083,7.25227,0.00218593,0.027123,-1.31495,-1.29031,-1.42574,-1.22195,0.125199,151
0,7,6.65,6.67515,6.67506,6.73551e-05,0,-1.58976,-1.60698,-1.61486,-1.57327,0.0360764,3
0,7,6.75,6.75985,6.73971,0.00434129,0.000213623,-1.57172,-1.58062,-1.60668,-1.54035,0.0536956,33
0,7,6.85,6.81584,6.81751,0.00160152,0.0035553,-1.54864,-1.55554,-1.57352,-1.52693,0.0390421,16
1,8,6.75,6.77075,6.77075,3.28182e-07,0,-1.63755,-1.64817,-1.7253,-1.55397,0.109247,19
1,8,6.95,6.93848,6.93869,0.00102017,0.00326347,-1.87855,-1.8914,-1.9063,-1.86611,0.0417176,12
1,8,7.05,7.06957,7.07042,0.00356657,9.9659e-05,-1.94854,-1.96581,-1.98815,-1.9084,0.056781,24
1,8,7.15,7.12153,7.12061,0.000835791,0.00165558,-1.93001,-1.92758,-1.95825,-1.89819,0.0438068,42
1,8,7.35,7.38199,7.38199,1.499e-06,0,-1.94114,-1.93767,-1.98563,-1.90632,0.0378467,17
1,8,7.45,7.44288,7.44183,0.000420818,0,-1.87669,-1.89071,-1.92152,-1.83666,0.0582622,29
1,8,7.55,7.57051,7.56949,0.00152024,0.00963831,-1.89228,-1.89698,-1.93236,-1.85558,0.0553204,69
1,8,7.65,7.65514,7.65757,0.000608112,0.000498295,-1.85872,-1.85057,-1.90948,-1.81688,0.0571525,51
1,8,7.85,7.83718,7.84829,0.0015449,0.00438976,-1.96656,-1.96736,-2.03874,-1.8928,0.0819652,105
1,8,7.95,7.94489,7.94879,0.00191456,0.022114,-1.90269,-1.90483,-1.98216,-1.82571,0.0905138,134
1,8,8.05,8.04764,8.06379,0.00173674,0.0280018,-1.65145,-1.73229,-1.84941,-1.52807,0.297942,330
1,8,8.15,8.16225,8.17464,0.00179266,0.0210285,-1.95835,-1.9352,-2.01751,-1.88794,0.0959782,347
1,9,6.95,6.95028,6.94777,0.00176297,0,-1.70653,-1.7045,-1.72431,-1.68406,0.0305281,9
1,10,6.75,6.74358,6.73907,0.00478159,0.00257349,-1.56397,-1.55682,-1.57595,-1.55317,0.0210056,5
1,10,6.85,6.83769,6.83943,0.00190432,0.00265074,-1.65169,-1.65879,-1.67363,-1.62628,0.0360464,19
1,11,6.85,6.8766,6.89863,0.00539203,0.000740051,-1.66852,-1.67048,-1.72573,-1.61221,0.0872465,38
1,11,6.95,6.93081,6.9327,0.00155393,0,-1.6238,-1.62027,-1.65731,-1.60698,0.0474256,18
1,11,7.15,7.15021,7.1499,0.000900924,0.00253248,-1.75429,-1.75159,-1.76952,-1.74677,0.0170572,10
1,11,7.25,7.22313,7.22326,0.00098798,4.673e-05,-1.77584,-1.79393,-1.83544,-1.72692,0.0714225,27
1,13,6.75,6.74107,6.74107,0,0,-1.31069,-1.31069,-1.31069,-1.31069,0,1
1,14,6.75,6.75189,6.75186,3.30996e-05,0,-1.48884,-1.49022,-1.49921,-1.4696,0.0245212,12
1,14,6.85,6.84876,6.83983,0.00450543,0.0136018,-1.46349,-1.4623,-1.51001,-1.42893,0.0533233,30
1,14,6.95,6.95271,6.96684,0.00442178,0.012754,-1.67244,-1.67277,-1.70665,-1.63142,0.0627203,32
1,15,6.65,6.69213,6.6961,0.00128116,0.000314236,-0.858534,-0.853235,-0.950273,-0.717722,0.129557,13
1,15,6.75,6.72114,6.71346,0.00376512,0.00410223,-1.1185,-1.03895,-1.31727,-0.960917,0.224068,11
1,15,6.95,6.95862,6.95481,0.00256828,0.00151539,-1.38258,-1.43873,-1.5158,-1.2216,0.161197,33
2,16,6.75,6.78644,6.78739,0.000518379,0,-1.7345,-1.72783,-1.7676,-1.71028,0.0307884,5
2,16,6.85,6.8456,6.85137,0.00394256,0.011353,-1.65069,-1.66149,-1.69515,-1.60137,0.0598049,38
2,16,7.15,7.15789,7.15009,0.00230617,0.0145154,-1.56771,-1.53845,-1.68161,-1.4752,0.131348,68
2,16,7.55,7.59543,7.59546,3.99517e-05,0,-1.77575,-1.77308,-1.80675,-1.75048,0.0354509,12
2,16,7.65,7.62127,7.62203,0.00128974,0.00301313,-1.71437,-1.72553,-1.7707,-1.6622,0.0720755,47
2,16,7.75,7.75688,7.75541,0.0024279,0.0203495,-1.7401,-1.75434,-1.81302,-1.67807,0.0947975,123
2,16,7.85,7.89408,7.89792,0.00205636,1.97887e-05,-1.76399,-1.75455,-1.79425,-1.73531,0.0312423,16
2,16,7.95,7.96371,7.97621,0.00168835,0.0202785,-1.86778,-1.90285,-1.95471,-1.81383,0.118415,224
2,16,8.05,8.02282,8.02597,0.000933194,0.00832844,-2.04446,-2.04289,-2.08131,-2.00537,0.0462886,152
2,16,8.15,8.17564,8.17566,2.42713e-05,0,-2.12685,-2.1227,-2.12752,-2.1108,0.020661,9
2,16,8.25,8.22875,8.23618,0.00101445,0.00829124,-2.14628,-2.13757,-2.18389,-2.09754,0.0941157,137
2,16,8.45,8.4269,8.42649,0.000155085,1.23978e-05,-2.40574,-2.3958,-2.40123,-2.38981,0.0476894,23
2,17,6.65,6.69564,6.69701,0.000980103,0.000589371,-1.58186,-1.61247,-1.6132,-1.51991,0.0438057,6
2,18,6.75,6.74223,6.75151,0.00280003,0.0010376,-1.71849,-1.72067,-1.78746,-1.66854,0.0560133,21
2,18,6.95,6.96813,6.98664,0.00488934,6.05583e-05,-1.61336,-1.64364,-1.68861,-1.55517,0.105995,34
2,18,7.05,7.00722,7.00843,0.000805083,0,-1.48193,-1.48388,-1.50472,-1.42138,0.0648591,12
2,19,6.75,6.76396,6.75547,0.00264634,0.0149603,-1.45718,-1.46483,-1.52633,-1.3835,0.0843143,40
2,19,7.15,7.12177,7.12177,0,0,-1.44488,-1.44488,-1.44488,-1.44488,0,1
2,20,6.75,6.79915,6.79915,0,0,-1.8389,-1.84325,-1.85174,-1.82607,0.014923,4
2,20,6.85,6.81586,6.81789,0.00250128,0.00284934,-1.74836,-1.75027,-1.78168,-1.70963,0.0419021,10
2,21,6.75,6.74869,6.74845,0.00274454,0.0127411,-1.43896,-1.44998,-1.50003,-1.38335,0.106709,29
2,21,6.85,6.85331,6.83813,0.0042356,0.0122571,-1.27697,-1.33789,-1.4018,-1.17627,0.199478,40
2,21,6.95,6.91767,6.91801,0.00227893,0.00802231,-1.45989,-1.4616,-1.50823,-1.40835,0.0575302,14
2,22,6.65,6.65525,6.65529,7.16523e-05,8.63075e-05,-1.02373,-1.0155,-1.11305,-0.934402,0.0905641,4
2,22,6.75,6.73516,6.73757,0.00562926,0,-1.10641,-1.08356,-1.13282,-1.08329,0.0465855,7
2,22,6.85,6.86167,6.87749,0.00552954,0.0188632,-1.31427,-1.31144,-1.36601,-1.29025,0.0653338,29
2,22,6.95,6.92581,6.93486,0.00338783,0.00187969,-1.37492,-1.36525,-1.39942,-1.34926,0.0298734,14
2,22,7.05,7.0519,7.05105,0.00430371,0.0217896,-1.43779,-1.43135,-1.51209,-1.38535,0.0933276,47
2,23,6.75,6.76425,6.76367,0.00346491,0.0150766,-1.29097,-1.26151,-1.4358,-1.14987,0.162619,16
2,23,6.85,6.88448,6.88448,1.80228e-07,0,-1.46338,-1.459,-1.4714,-1.42856,0.0620675,7
2,23,6.95,6.94147,6.94115,0.000157521,0,-1.40927,-1.45869,-1.50287,-1.3359,0.11439,15
2,23,7.15,7.12201,7.1136,0.0024313,0.00696206,-1.35975,-1.34991,-1.4335,-1.26541,0.140566,38
2,23,7.25,7.21842,7.21856,5.94166e-05,0,-1.753,-1.76407,-1.82692,-1.66933,0.0881471,27
2,23,7.35,7.34685,7.33942,0.00209385,0,-1.26651,-1.28193,-1.42456,-1.14324,0.209652,33
2,23,7.45,7.482,7.48419,0.00197053,0,-1.8204,-1.86174,-1.9023,-1.74534,0.110001,39
2,23,7.55,7.56042,7.56622,0.00290422,0.0289898,-1.70237,-1.73138,-1.84728,-1.56283,0.197612,97
2,23,7.65,7.62935,7.6274,0.00141697,0.0127206,-1.68438,-1.78406,-1.94897,-1.55642,0.344717,104
2,23,7.75,7.76579,7.77154,0.00176102,0.00993919,-2.0546,-2.02748,-2.13457,-1.97993,0.0887609,102
2,24,6.65,6.67804,6.67614,0.000816665,0.000164986,-1.96274,-1.98447,-1.98978,-1.93131,0.0301576,11
2,24,7.05,7.06591,7.06301,0.00122069,0,-1.73425,-1.77357,-1.88528,-1.58235,0.167129,44
2,24,7.25,7.26919,7.27327,0.00365601,0.00446749,-1.93362,-1.96792,-1.98793,-1.89847,0.0721681,14
2,24,7.35,7.3922,7.39017,0.00074579,0.00208998,-1.93948,-1.93336,-1.95127,-1.92701,0.019833,31
2,24,7.45,7.49323,7.49103,0.000942619,0.00263262,-2.02365,-2.01179,-2.05724,-2.00158,0.0303,23
2,24,7.55,7.57297,7.59099,0.0025368,5.00679e-05,-1.914,-1.9722,-2.14988,-1.74325,0.300173,140
2,26,6.75,6.71925,6.71924,7.78256e-06,0,-1.09403,-1.19861,-1.35157,-0.885362,0.31701,22
2,28,6.65,6.68187,6.68187,0,0,-0.895094,-0.895094,-1.08081,-0.709379,0.185714,2
2,28,6.75,6.73783,6.73836,0.00187494,0.00121212,-1.18894,-1.29797,-1.36747,-0.951479,0.217904,23
2,28,6.85,6.85893,6.85556,0.00409557,0.0351958,-1.54621,-1.61311,-1.70011,-1.44415,0.243125,64
2,28,6.95,6.93362,6.93724,0.00211913,0.00852871,-1.70047,-1.70677,-1.72363,-1.68649,0.0412874,21
2,29,7.05,7.05278,7.02042,0.0111418,0.00813055,-2.10661,-2.10932,-2.12749,-2.07656,0.0353518,13
2,29,7.15,7.10596,7.10659,0.000156852,9.15527e-05,-1.69816,-1.79534,-1.94132,-1.52657,0.309806,66
2,30,6.85,6.83267,6.82371,0.00267819,0.000909328,-1.77496,-1.74961,-2.01049,-1.61887,0.191281,28
2,30,7.05,7.05308,7.05306,1.18059e-05,0,-2.00978,-2.00995,-2.01772,-1.99754,0.0177374,7
2,30,7.25,7.24413,7.25998,0.00289315,0.00312471,-1.76934,-1.80887,-1.89631,-1.59767,0.197312,59
2,30,7.35,7.34125,7.3414,0.000223149,0,-1.82941,-1.83825,-2.01448,-1.65873,0.194507,73
2,31,6.75,6.7647,6.76942,0.00198823,0.00396967,-1.41741,-1.41768,-1.51594,-1.31144,0.124524,25
3,32,6.65,6.68205,6.68187,0.000158264,0,-0.80672,-0.793804,-0.857521,-0.755918,0.0558664,4
3,32,6.75,6.74208,6.73979,0.00372149,0.0223975,-0.864658,-0.864281,-0.911416,-0.834574,0.0708654,35
3,32,6.95,6.97069,6.9645,0.00353817,0.0144029,-1.02339,-1.03895,-1.09226,-0.975344,0.103743,33
3,32,7.05,7.01719,7.01697,0.0015001,0.0049572,-1.08224,-1.11707,-1.18251,-1.01306,0.125343,28
3,32,7.15,7.16605,7.17146,0.00240559,0.00588608,-1.14393,-1.15705,-1.1865,-1.09226,0.0680773,25
3,32,7.25,7.25682,7.25812,0.00323448,0.019737,-1.19571,-1.19372,-1.25101,-1.16092,0.065374,66
3,32,7.35,7.3708,7.38443,0.00383882,0.0147386,-1.27993,-1.29572,-1.35401,-1.21812,0.122101,52
3,32,7.45,7.45011,7.44562,0.00307538,0.0311544,-1.35886,-1.36092,-1.39324,-1.32968,0.0539515,104
3,32,7.55,7.53468,7.51162,0.00437727,0.0103388,-1.4608,-1.44854,-1.52936,-1.39769,0.0876349,61
3,32,7.75,7.74611,7.74687,0.000808997,0.00228691,-1.6268,-1.62916,-1.65274,-1.60803,0.0402804,66
3,32,7.85,7.88391,7.88405,0.000117344,0.000270367,-1.76804,-1.77861,-1.79726,-1.73952,0.0404485,15
3,32,7.95,7.93839,7.93069,0.00217326,0.00703526,-1.82228,-1.82638,-1.85458,-1.7875,0.0447128,101
3,32,8.15,8.19841,8.19754,0.000241075,0.000238419,-1.95901,-1.96426,-1.98841,-1.93056,0.0316281,23
3,32,8.25,8.24147,8.2421,0.000982319,0.00830126,-2.01562,-2.0186,-2.04743,-1.9789,0.0487148,124
3,33,6.85,6.894,6.89324,0.000665036,2.5034e-05,-1.56351,-1.56768,-1.58004,-1.54698,0.0187111,4
3,33,6.95,6.93113,6.94231,0.00369171,0.00142622,-1.55949,-1.56191,-1.57236,-1.54049,0.017481,13
3,33,7.05,7.09745,7.09669,0.000562462,0.000375271,-1.48926,-1.49872,-1.50879,-1.45824,0.0530001,7
3,33,7.15,7.14656,7.15418,0.00341573,0.0118678,-1.59392,-1.59905,-1.63748,-1.56141,0.0559501,48
3,33,7.25,7.27314,7.28423,0.0049426,0.00545073,-1.53511,-1.54813,-1.58109,-1.49243,0.0624374,35
3,33,7.35,7.34111,7.34117,0.0025473,0.00624514,-1.54342,-1.54268,-1.57341,-1.51465,0.0413855,48
3,33,7.55,7.5776,7.57989,0.00116515,0.00283909,-1.73392,-1.74762,-1.77748,-1.70317,0.0497138,25
3,33,7.65,7.65626,7.64886,0.00268326,0.0133138,-1.67364,-1.67632,-1.72047,-1.62545,0.0669226,82
3,33,7.75,7.74526,7.74886,0.00106468,0.00815344,-1.86024,-1.86283,-1.8919,-1.83477,0.0520266,128
3,34,6.65,6.67805,6.67539,0.00347037,0.000495911,-1.04302,-1.06549,-1.13777,-0.950223,0.113461,10
3,34,6.75,6.74473,6.73886,0.00579743,0.0298104,-0.947612,-0.952533,-1.01405,-0.910971,0.0949916,32
3,34,6.85,6.85209,6.85275,0.00480059,0.0245309,-1.00727,-1.00907,-1.10049,-0.963227,0.126553,41
3,34,6.95,6.95475,6.96893,0.0034107,0.0136182,-1.11878,-1.13031,-1.1865,-1.06014,0.115707,78
3,34,7.05,7.09447,7.09447,0,0,-1.34314,-1.34314,-1.34927,-1.33702,0.00612247,2
3,34,7.15,7.14471,7.14368,0.00282176,0.0206699,-1.34068,-1.34424,-1.36257,-1.31066,0.0409064,45
3,34,7.25,7.25593,7.26754,0.00420754,0.017745,-1.55536,-1.55887,-1.61036,-1.50967,0.0772611,51
3,35,6.65,6.69869,6.69881,0.000191418,0.000508308,-1.43936,-1.47998,-1.48668,-1.39318,0.070534,14
3,35,6.95,6.9398,6.94808,0.00298582,0.00668812,-1.49822,-1.49669,-1.54613,-1.46357,0.0585252,27
3,35,7.05,7.05014,7.05565,0.00269395,0.0120387,-1.48454,-1.5054,-1.53189,-1.42474,0.0794891,40
3,35,7.15,7.12538,7.12714,0.000853129,0.000524521,-1.51108,-1.52247,-1.56515,-1.47479,0.0695688,13
3,36,6.65,6.68273,6.68832,0.00376029,0.0038228,-0.980992,-0.983024,-1.00907,-0.94164,0.0486534,10
3,36,6.75,6.74045,6.74184,0.00356124,0.021889,-0.977,-0.987249,-1.04029,-0.90416,0.0811294,42
3,36,7.05,7.07924,7.07914,0.000749171,0.00188732,-1.20638,-1.19909,-1.23801,-1.17396,0.048228,12
3,36,7.15,7.15965,7.16015,0.00245674,0.0212588,-1.28567,-1.29235,-1.36084,-1.22367,0.0937657,91
3,37,6.65,6.6928,6.69807,0.00293815,0,-1.0627,-1.07558,-1.13121,-1.00803,0.0987238,8
3,37,6.75,6.73435,6.72664,0.00423571,0.0218091,-0.989964,-1.01856,-1.09998,-0.857512,0.131468,30
3,38,6.65,6.66954,6.67004,0.000335075,0.000751257,-1.38587,-1.40493,-1.44858,-1.31579,0.0810844,10
3,39,6.75,6.75987,6.75855,0.00350629,0.0108008,-1.42517,-1.42432,-1.43718,-1.39975,0.0319739,12
3,40,6.85,6.8419,6.83665,0.00115723,5.67436e-05,-1.04964,-1.11071,-1.36105,-0.762338,0.384332,42
3,41,6.75,6.70403,6.70367,0.000172923,0,-1.19279,-1.28836,-1.46838,-1.00926,0.331199,38
3,41,6.85,6.88288,6.88626,0.00206945,0.00510883,-1.09079,-1.14138,-1.21737,-1.08156,0.197984,36
3,42,6.95,6.93515,6.93447,0.000432186,0,-1.61883,-1.74266,-1.9414,-1.36393,0.393289,70
3,42,7.15,7.17432,7.17631,0.0026079,0.0166326,-1.10624,-1.07208,-1.24388,-0.989223,0.142632,55
3,42,7.25,7.21106,7.2141,0.000872597,0.0023334,-1.29554,-1.31463,-1.36697,-1.2321,0.100068,24
3,43,6.65,6.67391,6.67382,3.60328e-05,0,-0.902546,-0.994554,-1.09426,-0.754569,0.256138,11
4,44,6.65,6.66598,6.65993,0.00424888,0.00481558,-0.947142,-0.820943,-1.14886,-0.799547,0.184894,7
4,44,6.75,6.75117,6.74614,0.00437166,0.0292978,-1.03329,-1.07593,-1.23353,-0.829929,0.268358,31
4,44,7.05,7.08473,7.08193,0.00103764,0.000356197,-1.26528,-1.1755,-1.54502,-1.07403,0.230094,14
4,44,7.15,7.15507,7.15496,9.0729e-05,0.000150681,-1.15316,-1.14366,-1.43871,-0.923086,0.242556,22
4,44,7.25,7.28353,7.28704,0.00162065,0,-1.17072,-1.29937,-1.37343,-0.978037,0.286851,22
4,44,7.35,7.30848,7.31298,0.000947346,0.000360966,-1.11624,-1.14653,-1.27049,-0.956893,0.242368,32
4,44,7.45,7.42023,7.42023,6.19413e-06,0,-1.42039,-1.44352,-1.45998,-1.42641,0.0772507,9
4,44,7.65,7.6682,7.66374,0.000723713,0,-1.21586,-1.3271,-1.43416,-1.13417,0.363585,88
4,44,7.75,7.76078,7.77071,0.00196955,0.0246601,-1.3387,-1.39017,-1.49199,-1.2381,0.206042,232
4,44,8.05,8.07118,8.06323,0.00114069,0.00256729,-1.61338,-1.61304,-1.63309,-1.59225,0.0346542,120
4,44,8.15,8.16376,8.1625,0.00143898,0.0196638,-1.75223,-1.76952,-1.80578,-1.69502,0.0649333,258
4,44,8.45,8.40761,8.40539,0.00182716,0.000253677,-1.82697,-1.82367,-1.84196,-1.80081,0.0417864,20
4,45,6.65,6.67925,6.67917,0.00181979,0.00753856,-0.977882,-0.903387,-1.25783,-0.812715,0.224733,14
4,45,6.75,6.75735,6.75599,0.000546867,0,-0.94517,-0.976099,-1.10433,-0.817106,0.177155,16
4,46,6.65,6.69302,6.69302,0,0,-1.02607,-1.02607,-1.05269,-0.999439,0.0266263,2
4,46,6.75,6.7528,6.73779,0.00653814,0.0207925,-0.966978,-0.963227,-1.01041,-0.945642,0.0644528,27
4,46,6.85,6.8688,6.87303,0.00335817,0.00547242,-1.10506,-1.11056,-1.19667,-1.04857,0.129913,22
4,46,6.95,6.95696,6.96906,0.00514545,0.024004,-1.04549,-1.06265,-1.12197,-0.969017,0.110083,33
4,46,7.05,7.0657,7.07809,0.0060958,0.0185065,-1.13326,-1.11953,-1.16096,-1.09226,0.0775682,31
4,46,7.15,7.13762,7.14831,0.00363162,0.00661564,-1.02367,-1.07607,-1.14576,-0.92045,0.205951,22
4,47,6.85,6.84203,6.84225,0.000241433,5.60284e-05,-0.927034,-0.952654,-0.98922,-0.838767,0.0738539,6
4,47,7.05,7.07599,7.07102,0.00231166,0.00679064,-1.04678,-1.08488,-1.12454,-1.01297,0.129601,26
4,47,7.15,7.15817,7.16471,0.00349146,0.0111713,-1.11834,-1.13873,-1.17916,-1.07154,0.0771941,40
4,47,7.25,7.27292,7.27289,3.8567e-05,6.24657e-05,-1.03966,-1.03747,-1.09209,-0.980956,0.0635282,6
4,47,7.35,7.353,7.36341,0.00324798,0.0115104,-1.23002,-1.21838,-1.27841,-1.17888,0.0970161,54
4,47,7.45,7.45724,7.47005,0.00284732,0.00191593,-1.32039,-1.38195,-1.43508,-1.21065,0.160508,29
4,47,7.55,7.53412,7.52097,0.00290108,0.0150986,-1.31049,-1.3618,-1.45123,-1.25101,0.205953,94
4,47,7.65,7.66121,7.65896,0.00241848,0.024416,-1.44927,-1.4609,-1.52339,-1.37806,0.0947254,104
4,47,7.75,7.70588,7.70688,0.000567355,0.00373745,-1.46201,-1.46169,-1.51985,-1.39327,0.0833519,48
4,48,6.65,6.68811,6.69003,0.00319686,0.0067029,-1.09491,-1.12227,-1.15135,-1.03828,0.0822599,8
4,48,6.75,6.72726,6.73297,0.00256537,0,-0.981808,-1.0676,-1.20699,-0.773929,0.373749,20
4,48,6.85,6.81822,6.81828,0.00137129,0.00561953,-0.882368,-0.910718,-0.97519,-0.77955,0.117189,21
4,48,6.95,6.98769,6.98726,0.000350013,0,-0.80502,-0.738067,-0.876431,-0.700132,0.151533,3
4,48,7.05,7.0186,7.02319,0.00196545,0.00506592,-0.961968,-1.01628,-1.14428,-0.806496,0.22618,28
4,48,7.15,7.16268,7.16515,0.00328859,0.0208273,-1.00736,-1.01292,-1.10319,-0.945953,0.135403,47
4,48,7.25,7.25573,7.25798,0.00155675,0.009583,-1.16935,-1.16162,-1.219,-1.09624,0.104837,52
4,48,7.35,7.36186,7.3559,0.00184628,0.0123334,-1.20139,-1.22696,-1.35628,-1.01901,0.187061,69
4,48,7.45,7.46407,7.46932,0.00254161,0.0236206,-1.2555,-1.27841,-1.372,-1.14644,0.260763,155
4,48,7.55,7.52865,7.52667,0.00166071,0.0207973,-1.55617,-1.53592,-1.66987,-1.45254,0.150139,175
4,48,7.75,7.74656,7.74656,6.34838e-06,1.04904e-05,-1.89714,-1.89512,-1.90327,-1.89101,0.0067639,4
4,48,7.95,7.96884,7.9758,0.00145005,0.0160289,-1.866,-1.86865,-1.88809,-1.84537,0.0310835,192
4,50,6.65,6.66245,6.66232,0.00242524,0.00496149,-0.892508,-0.895636,-0.936901,-0.849679,0.071251,3
4,50,6.75,6.73859,6.74544,0.00278946,0.000457048,-1.01107,-1.02878,-1.32269,-0.838661,0.329043,22
4,51,6.65,6.68495,6.6884,0.00201617,0.00139952,-1.05323,-1.10371,-1.21417,-0.856481,0.174036,16
4,51,6.75,6.75605,6.75265,0.00413388,0.0116622,-1.13125,-1.14081,-1.24418,-1.0232,0.136184,28
4,51,6.85,6.84508,6.84734,0.00406654,0.0201354,-1.14377,-1.16078,-1.21312,-1.07486,0.103222,53
4,51,6.95,6.9421,6.949,0.00180068,0.00573874,-1.27071,-1.27245,-1.3082,-1.23396,0.0705581,68
4,51,7.15,7.17041,7.17078,0.000189501,0.00031662,-1.36006,-1.40024,-1.44858,-1.25102,0.10008,10
4,51,7.25,7.25221,7.26018,0.00238754,0.0265028,-1.61685,-1.64674,-1.76106,-1.48552,0.152459,144
4,51,7.45,7.46932,7.46981,0.000351788,0.00163317,-1.83516,-1.836,-1.84765,-1.82639,0.0163749,13
4,52,6.65,6.68535,6.69492,0.0026535,0.000236988,-1.03073,-0.995244,-1.26863,-0.887415,0.261137,27
4,52,6.75,6.73425,6.73707,0.00200914,0.0100694,-1.21016,-1.23698,-1.31142,-1.11137,0.116499,55
4,53,6.65,6.68349,6.67926,0.00222251,0.00942707,-1.13798,-1.14296,-1.19312,-1.08151,0.103357,23
4,53,6.75,6.76567,6.77752,0.00561899,0.0166392,-1.23529,-1.24273,-1.27245,-1.20577,0.060338,38
4,53,6.85,6.8324,6.83643,0.00185916,0.0137148,-1.40087,-1.41109,-1.48346,-1.3197,0.0914235,81
4,54,6.75,6.77511,6.77474,0.000584524,0.00128174,-1.84356,-1.84099,-1.85976,-1.82805,0.015486,10
4,54,6.85,6.83406,6.835,0.00125447,0.00332785,-1.85628,-1.86849,-1.87753,-1.8312,0.031171,9
4,54,7.05,7.04066,7.03753,0.00300322,0.0118325,-1.87406,-1.87666,-1.90716,-1.84314,0.0449846,46
4,54,7.25,7.22549,7.22312,0.00163785,0.00733376,-1.85212,-1.85158,-1.89146,-1.81618,0.0537867,56
4,55,6.75,6.7674,6.77131,0.00299891,0.0153236,-1.52274,-1.51318,-1.54523,-1.48885,0.043289,40
4,55,6.85,6.86372,6.89186,0.0115738,0.00180149,-1.63446,-1.63805,-1.64422,-1.62279,0.0163839,13
4,55,6.95,6.92831,6.92038,0.00365743,0.00714827,-1.63966,-1.64316,-1.66152,-1.61439,0.0312374,51
4,56,6.65,6.67259,6.67083,0.000963525,0,-1.67901,-1.68084,-1.68639,-1.66704,0.0137271,5
4,56,6.75,6.71658,6.71692,0.001271,0.00618172,-1.67522,-1.67561,-1.69123,-1.66119,0.0173715,26
4,57,6.75,6.78277,6.7838,0.0023526,0.00550079,-1.6189,-1.62736,-1.64971,-1.58749,0.0427972,36
4,57,6.85,6.8805,6.88773,0.0031051,0.00327778,-1.70819,-1.70433,-1.72983,-1.68873,0.0260082,26
4,57,6.95,6.93771,6.93129,0.00452621,0.0172391,-1.66687,-1.66803,-1.68905,-1.63906,0.0397573,50
4,57,7.05,7.01198,7.01077,0.00121888,0.00823689,-1.62673,-1.62545,-1.65489,-1.60692,0.0303645,37
4,57,7.25,7.26752,7.2649,0.00300359,0.0263784,-1.6764,-1.67281,-1.70002,-1.65116,0.0325965,52
4,57,7.35,7.32863,7.31659,0.00246214,0.0127234,-1.68461,-1.69212,-1.71028,-1.6568,0.0367675,55
4,58,6.65,6.68765,6.68784,0.000377214,0.00040102,-1.65647,-1.66235,-1.67879,-1.63243,0.030848,8
4,58,6.75,6.70563,6.70429,0.00109238,0.00329471,-1.62337,-1.62558,-1.65262,-1.60036,0.0285475,14
4,58,6.85,6.80222,6.80222,0.000196067,0.000277281,-1.62228,-1.62228,-1.63287,-1.61168,0.0105947,2
5,59,6.85,6.85995,6.86063,0.00539369,0.0361648,-1.31921,-1.33895,-1.40424,-1.26092,0.115829,40
5,59,6.95,6.99595,6.9965,0.000277946,0,-1.23857,-1.26458,-1.30046,-1.16113,0.0778811,11
5,59,7.05,7.06515,7.06815,0.00469254,0.0212245,-1.41591,-1.41018,-1.44854,-1.38654,0.0428181,35
5,59,7.15,7.14116,7.1262,0.00449717,0.0194898,-1.49568,-1.49472,-1.5276,-1.46847,0.0450898,52
5,59,7.25,7.2466,7.2522,0.00335241,0.0241795,-1.54178,-1.54047,-1.57942,-1.50681,0.0705824,69
5,59,7.55,7.56672,7.57647,0.00221989,0.0129576,-1.66948,-1.68415,-1.74036,-1.63158,0.13626,123
5,59,7.65,7.61365,7.60959,0.0033813,0.000173092,-1.73506,-1.73731,-1.74744,-1.72381,0.0193655,3
5,59,7.85,7.88623,7.88885,0.00088415,0.00454593,-1.85225,-1.8547,-1.87959,-1.82641,0.0345624,70
5,59,7.95,7.93545,7.93695,0.000458936,0.0026989,-1.86202,-1.8605,-1.8887,-1.84152,0.0403394,73
5,59,8.15,8.19826,8.19864,0.000184817,0.000454903,-1.88035,-1.88004,-1.90683,-1.85372,0.0318738,28
5,59,8.25,8.27196,8.27344,0.00115537,0.0175438,-2.01823,-2.01698,-2.04278,-1.98832,0.0451933,241
5,59,8.35,8.30972,8.30869,0.000540022,0.00506496,-2.09078,-2.08904,-2.11235,-2.06285,0.0444057,128
5,59,8.45,8.41735,8.41593,0.000358179,0.000468254,-2.08648,-2.0921,-2.14486,-2.04698,0.0609856,67
5,60,6.65,6.68494,6.68296,0.00283634,0.00583959,-1.14879,-1.13875,-1.17721,-1.12485,0.0368109,8
5,60,6.75,6.7696,6.78445,0.00527163,0.000449657,-1.26368,-1.25103,-1.32913,-1.21195,0.0768415,21
5,60,6.85,6.83862,6.83081,0.0038735,0.0171423,-1.33464,-1.34001,-1.386,-1.27371,0.0747515,39
5,60,6.95,6.95568,6.96689,0.00361953,0.00825262,-1.42561,-1.42067,-1.45722,-1.38211,0.0652241,42
5,60,7.05,7.08748,7.08794,0.000608229,0,-1.47199,-1.49999,-1.52782,-1.40774,0.0746787,25
5,61,6.85,6.88091,6.88074,0.00258394,0.00485945,-1.32237,-1.3516,-1.37944,-1.28486,0.0933905,19
5,61,6.95,6.94953,6.95459,0.00427852,0.0370793,-1.35604,-1.36088,-1.40807,-1.30083,0.0723986,59
5,61,7.05,7.01188,7.01392,0.00151627,0.000492096,-1.41512,-1.41781,-1.42817,-1.40902,0.0190182,15
5,61,7.25,7.2236,7.22639,0.00164821,0.0100932,-1.487,-1.48906,-1.53211,-1.44988,0.0601237,57
5,61,7.45,7.47831,7.47765,0.000860453,0.00325394,-1.64247,-1.65807,-1.68816,-1.6197,0.0610182,48
5,61,7.55,7.50872,7.50786,0.000833706,0.0048337,-1.65938,-1.67045,-1.68967,-1.64754,0.0551303,33
5,62,6.65,6.68047,6.68056,0.00156377,0.00673962,-1.06116,-1.06404,-1.1419,-0.971482,0.105666,17
5,62,6.75,6.73191,6.74269,0.00360087,0.0117154,-1.24064,-1.23346,-1.28537,-1.19099,0.0622631,28
5,62,6.85,6.84251,6.83144,0.00498798,0.00650215,-1.30617,-1.32464,-1.35631,-1.27251,0.0739444,17
5,62,6.95,6.95938,6.97741,0.00459339,0.00993156,-1.45748,-1.49775,-1.54052,-1.35631,0.100402,34
5,63,6.65,6.66896,6.66465,0.00271434,0.00540352,-1.13141,-1.10293,-1.16095,-1.08305,0.0697972,14
5,63,6.75,6.71246,6.70946,0.00198394,0.00425053,-1.21919,-1.22697,-1.27843,-1.16627,0.0590876,22
5,64,6.65,6.69492,6.69492,0,0,-1.1378,-1.1378,-1.1378,-1.1378,0,1
5,64,6.75,6.75111,6.77752,0.00659455,0.0139942,-1.21772,-1.24269,-1.28304,-1.18242,0.097,29
5,64,6.85,6.85023,6.87506,0.00727546,0.0158412,-1.22074,-1.22779,-1.30168,-1.14621,0.0918756,28
5,64,6.95,6.91442,6.91543,0.00148316,0.00487137,-1.38345,-1.39198,-1.40776,-1.36594,0.0510284,21
5,64,7.05,7.02575,7.0169,0.00396685,0.00150108,-1.38507,-1.3932,-1.43183,-1.34929,0.0623966,31
5,64,7.15,7.18612,7.19877,0.00317971,0.000271797,-1.54584,-1.54793,-1.60423,-1.48846,0.106018,37
5,64,7.25,7.21649,7.21757,0.000831956,0.000545025,-1.6244,-1.63445,-1.66101,-1.60303,0.0504782,22
5,64,7.45,7.45625,7.46896,0.00247173,0.00577641,-1.90862,-1.92251,-2.01969,-1.79957,0.123323,63
5,64,7.55,7.54512,7.54512,0,0,-2.03946,-2.03946,-2.03946,-2.03946,0,1
5,64,7.65,7.69983,7.69982,8.33309e-07,0,-1.67495,-1.75423,-1.91425,-1.49726,0.317567,61
5,64,7.75,7.7023,7.70298,0.000603579,3.48091e-05,-1.59755,-1.64894,-1.66325,-1.53185,0.101843,4
5,64,7.85,7.8426,7.8426,0,0,-1.68781,-1.68967,-1.68967,-1.68688,0.00262558,3
5,65,6.75,6.75484,6.75974,0.00223195,0.00318289,-1.42799,-1.45024,-1.46809,-1.41059,0.0717366,15
5,65,6.95,6.96035,6.9682,0.00436975,0.0125444,-1.53428,-1.52382,-1.54494,-1.48392,0.087337,28
5,65,7.05,7.03882,7.03649,0.00227948,0.00962925,-1.64428,-1.66692,-1.70032,-1.60026,0.0829605,58
5,65,7.15,7.18798,7.18788,0.000553025,0.00223017,-1.77812,-1.79624,-1.80766,-1.72791,0.0536764,20
5,65,7.25,7.2457,7.26037,0.00307845,0.0114789,-1.54592,-1.58849,-1.69094,-1.43574,0.196341,84
5,66,6.75,6.76699,6.77115,0.00168696,0.00591803,-1.34117,-1.33857,-1.4143,-1.25786,0.106594,26
5,66,6.95,6.96674,6.97398,0.00221566,0.0110221,-1.47576,-1.49098,-1.54372,-1.41423,0.112519,46
5,67,6.65,6.69245,6.6959,0.00153173,0.00137806,-1.37228,-1.38618,-1.46741,-1.29245,0.119263,14
5,67,6.75,6.7044,6.7046,0.000234998,0,-1.34717,-1.34426,-1.34426,-1.34273,0.0135967,5
5,68,6.65,6.68989,6.68984,4.14969e-05,0,-1.27014,-1.28651,-1.38006,-1.15951,0.134521,11
5,68,6.85,6.86617,6.88468,0.00454245,0.00431108,-1.64127,-1.64931,-1.70813,-1.6109,0.0944587,34
5,68,7.05,7.08519,7.08499,0.000644555,0.00183582,-1.50116,-1.50845,-1.53281,-1.47921,0.0364302,11
5,69,6.85,6.86567,6.87567,0.00362527,0.00378227,-1.33937,-1.34581,-1.39342,-1.27837,0.0812361,26
5,69,6.95,6.93371,6.93949,0.00317329,0.0268741,-1.46894,-1.40398,-1.63622,-1.30042,0.205962,43
5,69,7.05,7.06307,7.06534,0.00234781,0.00819492,-1.44145,-1.46761,-1.68308,-1.2607,0.242868,63
5,70,6.65,6.67991,6.67991,0,0,-1.31985,-1.28664,-1.39133,-1.23626,0.0877654,11
5,70,6.75,6.77324,6.7724,0.00169595,0.00289488,-1.41039,-1.39341,-1.45625,-1.38391,0.0628473,13
5,71,6.85,6.87065,6.868,0.00215705,0,-1.46367,-1.45374,-1.46863,-1.45374,0.0140355,3
5,71,6.95,6.94518,6.95606,0.00300437,0.00780058,-1.39779,-1.41666,-1.5157,-1.29043,0.163434,52
5,71,7.15,7.17877,7.17791,0.00108842,0.000674963,-1.65702,-1.64973,-1.69372,-1.61628,0.0523472,18
5,71,7.25,7.21832,7.21793,0.000909128,0.0041182,-1.71942,-1.72531,-1.75333,-1.68951,0.0401443,30
5,71,7.45,7.49024,7.48809,0.000720285,0,-1.81753,-1.84181,-1.84764,-1.79786,0.0470318,18
5,71,7.55,7.53609,7.53604,0.00195894,0.016305,-1.72576,-1.77977,-1.85705,-1.59736,0.14841,116
5,71,7.65,7.66528,7.66931,0.00191839,0.0156345,-1.76144,-1.7905,-1.90592,-1.67045,0.227763,154
5,71,7.75,7.70089,7.70091,1.54466e-05,0,-1.89966,-1.90382,-1.90546,-1.89389,0.00782108,8
5,72,6.75,6.7256,6.71804,0.0070282,0.00157118,-1.29667,-1.28625,-1.34268,-1.25066,0.0530981,4
5,72,6.85,6.88042,6.88156,0.000629712,0,-1.58984,-1.62012,-1.62012,-1.57007,0.0402125,7
5,72,6.95,6.95844,6.95524,0.00559835,0.0199432,-1.76173,-1.77565,-1.7979,-1.72787,0.0509641,26
5,72,7.05,7.03674,7.03825,0.00230264,0.00153637,-1.66117,-1.67615,-1.70276,-1.62659,0.0614818,34
5,72,7.15,7.12186,7.12188,8.8771e-06,0,-1.61907,-1.62012,-1.64469,-1.5913,0.0382702,11
5,73,6.65,6.67531,6.67589,0.00092213,0.00107169,-1.46395,-1.46735,-1.47194,-1.45595,0.0117906,4
6,74,6.65,6.66677,6.66283,0.00377005,0.000594616,-1.17347,-1.17915,-1.19667,-1.14112,0.0550686,13
6,74,6.75,6.70193,6.70243,0.000319532,0.000542164,-1.14816,-1.14512,-1.17555,-1.12071,0.0275775,9
6,74,6.85,6.81647,6.81852,0.00115373,0.000948906,-1.2275,-1.23109,-1.26449,-1.19668,0.037988,9
6,74,6.95,6.96453,6.96412,0.000272449,0.000679016,-1.17164,-1.16669,-1.17916,-1.13853,0.0428586,12
6,74,7.05,7.05517,7.05904,0.00327326,0.0120735,-1.24923,-1.25074,-1.31144,-1.17609,0.0977061,29
6,74,7.15,7.15756,7.1611,0.00138095,0.00298357,-1.37115,-1.37079,-1.43797,-1.29781,0.0791842,31
6,74,7.25,7.29892,7.29892,0.000173645,0.000245571,-1.32604,-1.32604,-1.37276,-1.27932,0.0467178,2
6,74,7.35,7.34065,7.34065,0,0,-1.35835,-1.35835,-1.36745,-1.34926,0.00909585,2
6,74,7.45,7.44008,7.42371,0.0030043,0.00965357,-1.33527,-1.34213,-1.38239,-1.29413,0.0839972,51
6,74,7.55,7.57145,7.57075,0.000277356,0.000766993,-1.43868,-1.45965,-1.47365,-1.42355,0.0568709,24
6,74,7.65,7.67989,7.67019,0.00199543,0.000535011,-1.41603,-1.41865,-1.46182,-1.36952,0.0546216,27
6,74,7.75,7.72987,7.73165,0.00204079,0.0188749,-1.49615,-1.50529,-1.56412,-1.4442,0.0812753,60
6,74,7.85,7.85227,7.8547,0.00132368,0.00754786,-1.60526,-1.61178,-1.67309,-1.54182,0.0774194,58
6,74,7.95,7.95983,7.94825,0.00189055,0.0114484,-1.72399,-1.72062,-1.75159,-1.69737,0.0467377,133
6,74,8.05,8.0663,8.04465,0.00309457,0.00787926,-1.84134,-1.83981,-1.86562,-1.81475,0.0389309,82
6,74,8.15,8.14546,8.11328,0.00337991,0.0103579,-1.92694,-1.93777,-1.97444,-1.8916,0.0758224,135
6,74,8.25,8.27933,8.27936,1.42852e-05,1.90735e-06,-1.94572,-1.94793,-1.96831,-1.91401,0.0308813,16
6,75,6.65,6.69412,6.69255,0.000962164,0.00213671,-1.10975,-1.11846,-1.13374,-1.08759,0.0245512,11
6,75,6.75,6.7128,6.71353,0.00144062,0.00712299,-1.08004,-1.09226,-1.15787,-1.03598,0.101473,29
6,76,6.75,6.74268,6.73679,0.00408785,0.0268979,-1.00869,-1.02497,-1.08111,-0.949711,0.0989833,43
6,76,6.85,6.84186,6.84326,0.00224602,0.0180135,-1.1414,-1.15797,-1.19714,-1.09235,0.0743216,73
6,77,6.65,6.68532,6.6843,0.00201777,0.0121198,-1.14821,-1.16162,-1.22375,-1.06186,0.0946728,28
6,77,6.75,6.7169,6.71887,0.00116285,0.00364351,-1.15163,-1.15797,-1.17888,-1.12337,0.0431988,21
6,77,6.85,6.83238,6.83614,0.0013625,0.00233078,-1.1125,-1.11953,-1.14347,-1.07547,0.0511957,15
6,78,6.75,6.75428,6.7609,0.00313844,0.0219085,-1.06565,-1.09235,-1.12868,-1.01471,0.0916849,58
6,78,6.85,6.86207,6.8522,0.00333159,0.0145798,-1.17785,-1.19904,-1.26293,-1.08302,0.107605,51
6,78,6.95,6.95344,6.97832,0.00535192,0.0207782,-1.3471,-1.33701,-1.41182,-1.28476,0.0776449,53
6,78,7.05,7.00685,7.00574,0.000671322,0.00269175,-1.31661,-1.31144,-1.36092,-1.27841,0.0532454,21
6,79,6.65,6.67624,6.67909,0.00114594,0.0015521,-1.1396,-1.14389,-1.19909,-1.0817,0.0623532,17
6,79,6.75,6.76706,6.76816,0.00288122,0.0174789,-1.19461,-1.20134,-1.23396,-1.16309,0.0579841,43
6,79,7.05,7.06955,7.06738,0.000878501,0.000686646,-1.24894,-1.25085,-1.29332,-1.22026,0.0532615,16
6,80,6.75,6.726,6.72744,0.000545728,0,-1.39512,-1.45041,-1.48338,-1.3063,0.112861,16
6,81,6.65,6.68003,6.67991,0.00179067,0.00749731,-1.1891,-1.20572,-1.24277,-1.1599,0.0799385,31
6,81,6.75,6.70773,6.70939,0.000695017,0.000381231,-1.13133,-1.1435,-1.21065,-1.07097,0.0898935,14
6,81,6.95,6.96861,6.97294,0.0021855,0.0125871,-1.35413,-1.34926,-1.44764,-1.26647,0.0952588,49
6,81,7.05,7.0517,7.05979,0.00338566,0.0294137,-1.39552,-1.38091,-1.50475,-1.31284,0.119541,74
6,81,7.15,7.10846,7.10815,0.000450739,0.00115919,-1.34458,-1.34484,-1.43485,-1.26765,0.0862093,19
6,82,6.65,6.67271,6.67258,0.00244892,0.00618649,-0.993085,-0.995709,-1.05917,-0.936434,0.0916249,15
6,82,6.75,6.75671,6.76205,0.00371938,0.0262117,-1.05241,-1.06495,-1.17907,-0.961678,0.15372,46
6,82,6.85,6.84042,6.82913,0.00515383,0.0217679,-1.18247,-1.19769,-1.25016,-1.11486,0.0820087,48
6,82,6.95,6.93409,6.93511,0.00103687,0.00581551,-1.2438,-1.24407,-1.29132,-1.20135,0.0523855,32
6,82,7.15,7.19341,7.19442,0.000589682,0.0016017,-1.37596,-1.36114,-1.40545,-1.30688,0.084025,19
6,82,7.25,7.21889,7.21838,0.00094774,0.00568676,-1.42415,-1.42121,-1.48277,-1.36814,0.071976,56
6,82,7.35,7.34393,7.34558,0.000876659,0.00517225,-1.49938,-1.49616,-1.52486,-1.47167,0.0416075,45
6,82,7.45,7.45301,7.43642,0.00608143,0.00166321,-1.50997,-1.49121,-1.57216,-1.46335,0.0670038,21
6,82,7.55,7.51816,7.51297,0.00157003,0.00499487,-1.58313,-1.59821,-1.66681,-1.4952,0.106982,46
6,83,6.75,6.78332,6.78416,0.00118344,0.00204706,-1.63633,-1.62643,-1.7091,-1.60983,0.0951831,12
6,83,6.85,6.88762,6.8892,0.00116281,0,-1.52057,-1.52383,-1.62808,-1.4202,0.125663,35
6,83,6.95,6.96987,6.98334,0.00356011,0.000324726,-1.38395,-1.38859,-1.46436,-1.3162,0.136455,23
6,84,6.75,6.76618,6.76495,0.000790206,0,-1.21245,-1.2164,-1.24626,-1.17243,0.0434305,7
6,85,6.75,6.73719,6.74635,0.00365871,0.0140004,-1.55994,-1.5899,-1.65866,-1.45318,0.110856,42
6,85,6.95,6.91798,6.91831,0.000226492,0.000565529,-1.56137,-1.55877,-1.60957,-1.51311,0.0757591,17
6,85,7.05,7.08508,7.08519,9.16727e-05,0.000160694,-1.6131,-1.61006,-1.69515,-1.563,0.0790743,18
6,85,7.15,7.18742,7.18578,0.000649629,0.00237679,-1.45702,-1.48553,-1.53639,-1.356,0.102262,24
6,85,7.25,7.23117,7.23018,0.00103393,0.0010829,-1.73264,-1.74788,-1.77674,-1.66506,0.0689671,21
6,85,7.35,7.33192,7.33512,0.00118823,0.00830364,-1.5293,-1.57048,-1.68785,-1.38801,0.22168,64
6,86,6.65,6.68912,6.69,0.000761193,0.000478745,-1.31217,-1.30787,-1.33998,-1.3059,0.0321221,5
6,86,6.75,6.74424,6.75743,0.00443588,0.018002,-1.34561,-1.33701,-1.40271,-1.28123,0.0641878,35
6,86,6.85,6.80814,6.80814,0.00217107,0.00307035,-1.36142,-1.36142,-1.37308,-1.34975,0.0116687,2
7,88,6.75,6.76421,6.77869,0.00496933,0.00175333,-1.47649,-1.47945,-1.52361,-1.40584,0.0993271,28
7,88,6.85,6.82604,6.83654,0.00429717,0.00495434,-1.52559,-1.52524,-1.54601,-1.49956,0.0275462,16
7,88,6.95,6.94122,6.93899,0.0022543,0.00266218,-1.57267,-1.55137,-1.61902,-1.49959,0.112095,21
7,88,7.05,7.03911,7.03223,0.00346779,0.00061655,-1.5949,-1.63204,-1.68145,-1.48009,0.133511,44
7,88,7.15,7.12202,7.11871,0.00140854,0.0057478,-1.66593,-1.68874,-1.71248,-1.62269,0.0485435,23
7,88,7.35,7.32978,7.33246,0.00216599,0.003896,-1.88233,-1.90346,-1.9167,-1.83343,0.074919,30
7,88,7.45,7.44234,7.44237,2.38095e-05,0,-1.67849,-1.77021,-1.90914,-1.51834,0.279145,54
7,88,7.65,7.65062,7.65062,0,0,-1.81313,-1.81313,-1.81313,-1.81313,0,1
7,88,7.75,7.78341,7.78747,0.000696187,0.00249243,-1.75754,-1.83716,-1.95751,-1.64479,0.273266,85
7,88,7.85,7.80779,7.80779,2.75158e-05,2.43187e-05,-1.85522,-1.84308,-1.91094,-1.80773,0.06652,31
7,88,8.05,8.07265,8.08314,0.00144845,0.00144291,-1.91528,-1.94536,-2.03674,-1.82164,0.156626,110
7,88,8.15,8.14691,8.15566,0.00120088,0.00997162,-1.94812,-1.95294,-2.15735,-1.81859,0.211998,250
7,88,8.25,8.2463,8.24706,0.000843024,0.00828743,-2.07007,-2.07976,-2.1249,-2.03538,0.0763252,90
7,89,7.05,7.03639,7.03968,0.00135001,0.00457764,-1.32375,-1.32536,-1.35916,-1.2883,0.0541869,26
7,89,7.15,7.18581,7.19226,0.00151048,0.0046196,-1.52374,-1.51606,-1.62127,-1.4464,0.119353,43
7,89,7.25,7.22322,7.22345,0.000562579,0.00130653,-1.58028,-1.57764,-1.59747,-1.5595,0.0219485,6
7,89,7.45,7.4234,7.42517,0.00144005,0.00147915,-1.63132,-1.70012,-1.77019,-1.51797,0.203244,68
7,89,7.55,7.53426,7.54173,0.00184752,0.00732565,-1.79266,-1.79447,-1.848,-1.73182,0.0612607,56
7,89,7.65,7.6259,7.62383,0.00173357,0.0100031,-1.76857,-1.80286,-1.84665,-1.68075,0.112266,83
7,90,6.65,6.67083,6.6705,0.000288654,0,-1.50155,-1.54215,-1.59402,-1.40908,0.110178,4
7,90,6.75,6.76445,6.76373,0.00197789,0.00671864,-1.50395,-1.50726,-1.60604,-1.42669,0.112983,32
7,90,6.85,6.80535,6.80439,0.00085107,0.0017786,-1.399,-1.40538,-1.43543,-1.37171,0.0367509,12
7,91,6.85,6.81226,6.81308,0.000437167,0.000360489,-1.83584,-1.80799,-1.88731,-1.79952,0.0470865,9
7,91,6.95,6.90936,6.90334,0.00193254,0,-1.45953,-1.49253,-1.69575,-1.33082,0.272812,43
7,91,7.15,7.16242,7.16266,0.000590515,0.000617981,-1.97863,-1.97925,-1.9884,-1.97274,0.015423,9
7,91,7.25,7.22345,7.22219,0.000736216,0.00164318,-1.94375,-1.94323,-1.97364,-1.92215,0.0306576,9
7,93,6.65,6.69488,6.69381,0.000531375,0,-1.55047,-1.55523,-1.58606,-1.52097,0.0394902,12
7,93,6.75,6.75477,6.74803,0.00427418,0.0072875,-1.54599,-1.53485,-1.57909,-1.50476,0.0455236,36
7,93,6.85,6.82112,6.82,0.000716716,0,-1.32417,-1.36895,-1.48454,-1.17264,0.180051,20
7,93,6.95,6.94548,6.96446,0.00387484,0.00501919,-1.41574,-1.4388,-1.48501,-1.34921,0.0981864,33
7,95,6.65,6.66827,6.66824,3.4626e-05,0,-1.01578,-1.08585,-1.26474,-0.78066,0.288702,14
7,96,6.65,6.65839,6.65839,0,0,-0.926318,-0.926318,-0.978157,-0.874479,0.0518387,2
7,97,6.65,6.66385,6.66385,0,0,-1.09266,-1.09266,-1.09266,-1.09266,0,1
7,98,6.75,6.7724,6.7724,0,0,-1.30406,-1.30785,-1.34926,-1.26458,0.0508858,5
7,98,6.85,6.84297,6.84578,0.00206381,0.00893879,-1.2178,-1.23943,-1.34582,-1.12294,0.144053,36
7,99,6.85,6.83629,6.85071,0.00395974,0.011692,-1.45092,-1.47377,-1.51531,-1.39642,0.0780421,32
7,99,7.05,7.08824,7.08806,0.00194942,0.00607491,-1.62881,-1.63805,-1.68984,-1.60423,0.0746845,8
7,99,7.15,7.18861,7.18995,0.000378777,0,-1.73986,-1.74838,-1.78169,-1.69473,0.0525792,20
7,99,7.25,7.21727,7.21009,0.00283836,0.000844002,-1.50874,-1.53715,-1.59221,-1.45095,0.10786,31
7,99,7.35,7.35477,7.36478,0.00222842,0.00398922,-1.64204,-1.67368,-1.73289,-1.55573,0.132149,60
7,100,6.65,6.67362,6.67299,0.000344855,0,-1.0809,-1.07205,-1.11947,-1.03598,0.0539694,5
8,101,6.75,6.74441,6.74446,4.28763e-05,0,-1.45654,-1.45256,-1.47488,-1.4316,0.0230325,6
8,101,6.85,6.84028,6.84113,0.00258816,0,-1.59606,-1.59059,-1.61,-1.57349,0.0320642,7
8,101,6.95,6.99536,6.99571,0.00027748,0,-1.62453,-1.62083,-1.64676,-1.60975,0.0243418,14
8,101,7.05,7.06642,7.09012,0.0091279,0.00506783,-1.75213,-1.75584,-1.78498,-1.71138,0.0520938,20
8,101,7.15,7.1137,7.11215,0.00138199,0.00486326,-1.78277,-1.74254,-1.87849,-1.69225,0.115185,29
8,101,7.25,7.28313,7.28753,0.00241727,0,-1.51918,-1.59273,-1.76881,-1.33772,0.302138,44
8,101,7.35,7.37253,7.38559,0.00387528,0.008111,-1.91403,-1.9031,-1.98824,-1.86617,0.102802,44
8,101,7.45,7.42502,7.42029,0.00325383,0.00732327,-2.00998,-2.02501,-2.051,-2.00932,0.0678253,31
8,101,7.55,7.59056,7.5899,0.00026872,0,-1.61335,-1.72904,-1.88362,-1.44676,0.371448,63
8,101,7.65,7.6577,7.66389,0.00347532,0.0223799,-1.93448,-1.93075,-2.01743,-1.85967,0.104851,80
8,101,7.75,7.74491,7.75059,0.00187689,0.0120273,-1.99762,-2.01176,-2.03323,-1.96847,0.0482885,88
8,101,7.85,7.88732,7.88522,0.000746395,0.00115204,-2.07978,-2.08839,-2.09418,-2.06348,0.0312595,22
8,101,7.95,7.91647,7.92268,0.000669259,0.000172615,-2.03943,-2.05763,-2.14227,-1.97828,0.166069,117
8,101,8.05,8.0502,8.02842,0.0023153,0.00747681,-1.9059,-2.00476,-2.04625,-1.82495,0.221226,139
8,101,8.15,8.15909,8.17334,0.00199895,0.0178909,-2.14766,-2.18459,-2.23041,-2.08573,0.10484,242
8,101,8.55,8.5339,8.53198,0.000409693,0.000908375,-2.19294,-2.19061,-2.21557,-2.17678,0.0288134,40
8,102,6.75,6.74031,6.7579,0.00469694,0.00167537,-1.62215,-1.62226,-1.66609,-1.58239,0.0594156,30
8,102,6.95,6.96917,6.98241,0.00392898,0.00397062,-1.64517,-1.63636,-1.6839,-1.61795,0.0584183,20
8,102,7.05,7.06424,7.0515,0.00380751,0.0133967,-1.60772,-1.62658,-1.68463,-1.55579,0.126149,43
8,102,7.15,7.13264,7.13081,0.00287193,0.00230742,-1.73197,-1.7354,-1.77674,-1.67618,0.0476601,18
8,102,7.25,7.24083,7.23793,0.00320738,0.019017,-1.89937,-1.87093,-2.04279,-1.80806,0.107898,48
8,102,7.35,7.3383,7.33122,0.00206924,0.005301,-1.80181,-1.87383,-1.92664,-1.71173,0.1627,85
8,102,7.45,7.45665,7.47907,0.00299501,0.0146835,-1.74665,-1.81787,-1.88274,-1.70761,0.208595,102
8,102,7.55,7.56603,7.57755,0.00213673,0.0172796,-1.81477,-1.8249,-1.88554,-1.75345,0.0957062,171
8,102,7.65,7.66176,7.66168,0.000448517,0.00446939,-1.75958,-1.7545,-1.82712,-1.69644,0.073357,64
8,102,7.75,7.75433,7.75434,2.83823e-05,5.8651e-05,-1.88126,-1.85272,-1.94395,-1.84485,0.0502991,8
8,102,8.05,8.05918,8.05657,0.000962828,0.00544453,-1.97575,-2.00573,-2.02683,-1.92435,0.0655633,53
8,102,8.15,8.14123,8.14309,0.000935574,0.0135174,-2.06961,-2.06798,-2.10064,-2.04807,0.0406785,221
8,102,8.25,8.25282,8.25745,0.00123102,0.00105286,-2.10192,-2.10336,-2.12418,-2.07791,0.0288611,51
8,103,6.95,6.98946,6.98927,0.000108109,0,-1.82931,-1.99853,-2.21301,-1.63499,0.478926,118
8,103,7.05,7.04796,7.04663,0.0223656,0.04336,-1.18447,-1.22134,-1.5391,-0.829844,0.371613,4
8,103,7.15,7.15116,7.15789,0.00163122,0.00134277,-1.74428,-1.75666,-1.80351,-1.70249,0.0717729,44
8,103,7.25,7.23981,7.23735,0.00164314,0.00482845,-1.67352,-1.6629,-1.73159,-1.61813,0.0853587,60
8,103,7.35,7.35754,7.36202,0.00260491,0.0166426,-1.63756,-1.62903,-1.80869,-1.54559,0.181606,100
8,103,7.45,7.43336,7.43742,0.00126959,0.00615883,-1.6867,-1.68693,-1.75165,-1.62281,0.0888249,74
8,103,7.55,7.56261,7.5624,0.000282692,5.24521e-06,-1.91638,-1.92246,-1.93204,-1.90589,0.0255289,8
8,103,7.65,7.64244,7.64141,0.000688755,0,-1.93392,-1.94395,-1.95716,-1.92568,0.0312239,13
8,103,7.75,7.7151,7.70379,0.00216535,0.0015049,-1.79683,-1.78718,-1.84056,-1.7467,0.0630305,61
8,104,6.65,6.69652,6.69539,0.000845103,0.00205421,-1.35431,-1.29242,-1.50475,-1.25786,0.129578,9
8,104,6.75,6.75814,6.75448,0.00285634,0.0008955,-1.4959,-1.48182,-1.53267,-1.40776,0.160353,30
8,105,6.95,6.96342,6.9634,2.82815e-05,0,-1.75328,-1.75089,-1.78629,-1.70699,0.056093,16
8,105,7.05,7.05789,7.07914,0.00295617,0.00039053,-1.51434,-1.6018,-1.69274,-1.40246,0.26617,61
8,105,7.15,7.14859,7.16967,0.00468049,0.0270905,-1.52659,-1.52468,-1.60839,-1.4134,0.178738,59
8,105,7.25,7.24213,7.24423,0.00116572,0.00866127,-1.72024,-1.71755,-1.81478,-1.64203,0.0991752,52
8,106,6.65,6.69822,6.69822,0,0,-1.23809,-1.23809,-1.25936,-1.21682,0.0212733,2
8,106,6.75,6.70534,6.70537,2.19399e-05,0,-1.06354,-1.07658,-1.22487,-0.957914,0.171223,10
8,107,6.65,6.69246,6.69634,0.00261032,0.000785351,-1.35166,-1.39178,-1.42446,-1.27832,0.0917044,9
8,107,6.75,6.76001,6.76299,0.00588001,0.00686026,-1.66886,-1.66991,-1.75635,-1.61925,0.0853729,14
8,107,6.85,6.82208,6.81804,0.00140955,0.000178337,-1.36329,-1.40949,-1.55889,-1.16095,0.211739,37
8,107,6.95,6.91594,6.91827,0.00116911,0.000377655,-1.47126,-1.49267,-1.51928,-1.44531,0.0732814,23
8,107,7.15,7.15128,7.14286,0.00272585,0.0205936,-1.64718,-1.66451,-1.70022,-1.6048,0.0746803,60
8,107,7.25,7.2332,7.22838,0.00164753,0.00345135,-1.79658,-1.84203,-1.86053,-1.71765,0.0806512,30
8,108,6.65,6.68822,6.68688,0.000371545,0,-1.50077,-1.52464,-1.54052,-1.47468,0.0628775,15
8,108,6.75,6.77703,6.79772,0.00410259,0.00136805,-1.7065,-1.72758,-1.81116,-1.61012,0.125573,51
8,108,6.85,6.84693,6.83807,0.00198683,0.00136423,-1.53644,-1.46693,-1.84095,-1.35204,0.293828,27
8,108,6.95,6.98107,6.97182,0.00138441,0.000125408,-1.33998,-1.41661,-1.56666,-1.19066,0.2838,65
8,108,7.05,7.00054,7.00054,0,0,-1.00708,-1.00783,-1.06332,-0.950847,0.0635584,4
8,109,6.65,6.69286,6.69286,0,0,-1.66318,-1.66212,-1.68077,-1.64559,0.019376,4
8,109,6.75,6.71579,6.717,0.000452809,0,-1.41567,-1.45273,-1.49842,-1.36785,0.102572,17
8,109,6.85,6.87375,6.88233,0.00313587,0.00993061,-1.33952,-1.408,-1.43156,-1.21339,0.157,21
8,109,6.95,6.91155,6.91376,0.000909384,0.000477314,-1.42076,-1.43247,-1.46826,-1.35806,0.0886894,13
8,110,6.75,6.76348,6.77207,0.00308702,0.00307512,-1.53087,-1.54368,-1.57929,-1.48094,0.0519298,32
8,110,6.85,6.81831,6.81434,0.0021691,0.00914526,-1.58364,-1.59926,-1.62045,-1.55055,0.0503589,28
8,111,6.65,6.68478,6.68478,2.38419e-07,0,-1.58648,-1.58541,-1.58772,-1.58067,0.00696166,16
8,111,6.75,6.74228,6.75503,0.00221039,0.000343323,-1.41314,-1.52536,-1.59722,-1.32277,0.317202,46
8,112,6.75,6.72625,6.72088,0.00240377,0,-1.42016,-1.46819,-1.53329,-1.33482,0.141011,20
8,113,6.65,6.69226,6.69255,0.000402997,0.000555038,-1.52686,-1.52457,-1.5693,-1.49618,0.0380605,5
8,113,6.75,6.75183,6.7474,0.00249916,0.0009799,-1.49851,-1.49777,-1.5307,-1.47515,0.0412716,14
8,113,6.85,6.85746,6.8813,0.00455076,0.000359535,-1.49925,-1.54465,-1.68445,-1.33935,0.197667,43
8,113,6.95,6.94104,6.94177,0.00131151,0.00298405,-1.57763,-1.57946,-1.69966,-1.51313,0.125381,21
8,113,7.05,7.07475,7.07396,0.00221185,0.00963354,-1.79388,-1.79312,-1.82795,-1.77144,0.0342389,29
8,113,7.15,7.17353,7.17359,0.00377976,0.019124,-1.96882,-1.98693,-2.03313,-1.9117,0.0623133,19
8,113,7.25,7.24617,7.24474,0.00122576,0,-1.83095,-1.87003,-1.89909,-1.77713,0.0899077,45
8,113,7.35,7.34501,7.33847,0.00327442,0.0252466,-1.89299,-1.90026,-2.00537,-1.77516,0.124355,89
8,113,7.45,7.41389,7.4127,0.000657141,0,-1.99454,-2.01363,-2.05342,-1.9198,0.0813439,49
8,114,6.75,6.79196,6.79196,0.000267717,0.000378609,-1.42332,-1.42332,-1.42895,-1.4177,0.00562578,2
8,114,6.85,6.85096,6.85486,0.00431391,0.0319157,-1.35415,-1.3697,-1.46143,-1.26458,0.142852,40
8,114,6.95,6.94994,6.92487,0.00705197,0.0225554,-1.6187,-1.63512,-1.67519,-1.56903,0.067187,31
8,114,7.05,7.09833,7.09813,0.000307671,0.000218391,-1.70177,-1.70167,-1.70807,-1.69547,0.00762559,4
8,114,7.15,7.10073,7.10003,0.000233003,0,-1.6407,-1.638,-1.65157,-1.62713,0.0253244,11
8,115,6.65,6.66188,6.66177,0.000176444,0.000212908,-1.55041,-1.55335,-1.56376,-1.53706,0.0177821,4
8,116,6.95,6.93357,6.91991,0.00410609,0.00911617,-1.74762,-1.74266,-1.80896,-1.69418,0.0739483,46
8,117,6.75,6.75642,6.75193,0.00383111,0.0105062,-1.67111,-1.70693,-1.72577,-1.67961,0.0821661,10
8,117,6.85,6.85232,6.85335,0.00195201,0.0118856,-1.64155,-1.61936,-1.69839,-1.60424,0.0594301,39
9,118,6.65,6.67835,6.67852,0.000133802,0,-0.956129,-0.949728,-0.979375,-0.929682,0.0408262,3
9,118,6.75,6.78747,6.78213,0.00298795,0.00591421,-1.09159,-1.10025,-1.16678,-1.0513,0.0873752,11
9,118,6.85,6.83204,6.8348,0.00382159,0.0178401,-1.10959,-1.13719,-1.23968,-0.991081,0.155163,28
9,118,6.95,6.94613,6.94613,0,0,-1.21773,-1.21773,-1.21773,-1.21773,0,1
9,118,7.05,7.09793,7.09798,2.99741e-05,0,-1.30026,-1.29801,-1.32965,-1.26391,0.046824,10
9,118,7.15,7.14956,7.16429,0.00268527,0.000855923,-1.43186,-1.40837,-1.64482,-1.29852,0.228393,51
9,118,7.25,7.25146,7.24721,0.0023801,0.0230784,-1.46364,-1.48347,-1.67039,-1.28478,0.206791,61
9,118,7.35,7.37955,7.38179,0.0033369,0.0101838,-1.79519,-1.82416,-1.85464,-1.80897,0.105211,13
9,118,7.45,7.41087,7.41099,0.000222943,7.58171e-05,-1.67473,-1.72743,-1.77748,-1.5874,0.126597,38
9,118,7.65,7.69686,7.69686,4.6281e-06,0,-1.76135,-1.76876,-1.78422,-1.73628,0.0296776,8
9,118,7.75,7.72367,7.71941,0.001538,0.010994,-1.96415,-1.83539,-2.20036,-1.80465,0.200949,38
9,118,7.85,7.82467,7.81166,0.00174839,0.000126839,-1.78631,-1.87048,-1.95608,-1.75453,0.32336,148
9,118,7.95,7.99143,7.99283,0.00042648,0.00207329,-1.86592,-1.86676,-1.88665,-1.84701,0.0281461,46
9,118,8.05,8.05712,8.07316,0.00195885,0.0264454,-1.93352,-1.93534,-1.98844,-1.89019,0.0831985,309
9,118,8.15,8.10078,8.10095,7.33294e-05,0.000149727,-2.01295,-2.02732,-2.05128,-1.96079,0.0466702,24
9,118,8.45,8.4805,8.48002,0.000381369,0.00391054,-2.13271,-2.13937,-2.16086,-2.11636,0.0335842,98
9,119,6.65,6.69162,6.69971,0.00288788,0.000156164,-1.05223,-1.08047,-1.13302,-0.932927,0.147301,14
9,119,6.75,6.70025,6.70025,0,0,-1,-1,-1,-1,0,1
9,119,6.95,6.96835,6.9671,0.00302284,0.00442553,-1.22614,-1.19444,-1.45133,-1.04514,0.256623,48
9,119,7.05,7.0788,7.0806,0.00341709,0.00785041,-1.38984,-1.39644,-1.4486,-1.34929,0.0651128,38
9,119,7.15,7.12498,7.13893,0.0050853,0.00455999,-1.48559,-1.48022,-1.5012,-1.45806,0.045291,14
9,119,7.35,7.36394,7.36289,0.00137367,0.00249863,-1.65056,-1.65979,-1.68403,-1.62209,0.0564486,15
9,120,6.65,6.67887,6.67696,0.00254508,0.0108247,-1.00054,-0.999469,-1.02918,-0.971482,0.0389131,27
9,120,6.75,6.7204,6.72399,0.00132332,0.00242853,-1.08,-1.09217,-1.1037,-1.04679,0.0521734,19
9,120,7.05,7.04883,7.04601,0.00392041,0.0196695,-1.3609,-1.37315,-1.41024,-1.32361,0.0649887,35
9,120,7.15,7.16396,7.18612,0.00904817,0.00390387,-1.45719,-1.45811,-1.49773,-1.38338,0.0846129,17
9,120,7.25,7.26517,7.26555,0.00249135,0.0130038,-1.50638,-1.52153,-1.55568,-1.46826,0.0521882,42
9,120,7.45,7.47023,7.48322,0.00310227,0.0145531,-1.64863,-1.65877,-1.6984,-1.59768,0.0702125,63
9,120,7.65,7.63528,7.63582,0.000471475,0.00198436,-1.7127,-1.71137,-1.73874,-1.68511,0.0474601,32
9,120,7.95,7.9863,7.98636,0.000807876,0.0041008,-1.937,-1.93355,-2.00024,-1.87889,0.0721458,44
9,120,8.05,8.05306,8.04482,0.00248307,0.0356255,-1.9564,-1.95284,-1.99372,-1.92384,0.0425635,179
9,120,8.15,8.12978,8.11968,0.00441609,0.0114679,-2.06737,-2.06571,-2.10567,-2.01231,0.0621259,60
9,120,8.25,8.2156,8.21261,0.000715089,0.00658703,-2.03088,-2.05156,-2.08267,-1.99406,0.0665859,145
9,121,6.65,6.67392,6.67378,0.000248711,0.000455618,-1.43116,-1.41779,-1.43131,-1.40776,0.0400931,6
9,121,6.85,6.84021,6.83694,0.00408139,0.000397921,-1.28685,-1.29415,-1.32942,-1.2106,0.0765852,14
9,121,6.95,6.9466,6.93529,0.00630707,0.0339575,-1.48316,-1.51456,-1.54997,-1.40834,0.0881985,35
9,121,7.05,7.04499,7.05468,0.00297964,0.01577,-1.54143,-1.52118,-1.55229,-1.48022,0.0876409,49
9,121,7.35,7.37735,7.37775,0.000336588,0.00135756,-1.75975,-1.75905,-1.78351,-1.73085,0.0308169,21
9,121,7.55,7.56936,7.56039,0.0030241,0.0018754,-1.75242,-1.76276,-1.78877,-1.70879,0.0491619,28
9,121,7.65,7.69378,7.69426,0.000757203,0.0039165,-1.86171,-1.85294,-1.92519,-1.79584,0.0699248,32
9,121,7.75,7.70198,7.70198,0,0,-1.8824,-1.8824,-1.88663,-1.87816,0.00423664,2
9,122,6.85,6.82475,6.82147,0.00177217,0.00053072,-1.20352,-1.23149,-1.33421,-1.04288,0.148136,20
9,122,6.95,6.98309,6.98196,0.00197187,0.00487566,-1.40678,-1.41171,-1.4839,-1.34366,0.0841488,27
9,122,7.05,7.03159,7.04217,0.0026872,0.0103741,-1.48373,-1.48273,-1.52938,-1.4486,0.0691731,37
9,123,6.65,6.66211,6.66211,0.000451309,0.000638247,-1.23986,-1.23986,-1.24269,-1.23704,0.00282478,2
9,124,6.85,6.86996,6.87743,0.00404191,0.00428057,-1.25006,-1.24283,-1.28746,-1.2274,0.0514284,19
9,124,6.95,6.93461,6.9371,0.00141451,0.00485229,-1.34213,-1.337,-1.35916,-1.32444,0.0292069,17
9,125,6.75,6.76047,6.7609,0.00325182,0.0084877,-1.32,-1.32797,-1.33187,-1.28669,0.0428256,21
9,125,6.85,6.85085,6.8522,0.00407801,0.0262713,-1.42139,-1.42609,-1.46537,-1.3775,0.0558079,50
9,125,6.95,6.93238,6.93814,0.00312315,0.00933933,-1.50077,-1.50014,-1.53207,-1.46787,0.0334103,30
9,126,6.75,6.74983,6.74971,0.00288686,0.0137076,-1.24892,-1.25132,-1.30195,-1.19911,0.0747427,31
9,126,6.85,6.86431,6.862,0.00102052,0.00536323,-1.32138,-1.32444,-1.35631,-1.29242,0.0446324,26
9,127,6.65,6.68056,6.68056,1.80228e-07,0,-1.47255,-1.48376,-1.51522,-1.4356,0.0532351,7
9,127,6.75,6.70683,6.70683,0,0,-1.53739,-1.53763,-1.54642,-1.52848,0.0146452,3
9,127,6.95,6.98271,6.98253,0.000308747,0.0011816,-1.54594,-1.55445,-1.58171,-1.50707,0.0435088,17
9,127,7.05,7.06718,7.07511,0.00413555,0.00529385,-1.61527,-1.60361,-1.65851,-1.58855,0.0481544,24
9,128,6.85,6.85811,6.86278,0.00380994,0.00633335,-1.27412,-1.30758,-1.35225,-1.18284,0.103689,27
9,128,6.95,6.95421,6.93931,0.00387673,0.00821304,-1.28369,-1.29238,-1.33893,-1.2238,0.0798043,35
9,128,7.05,7.04653,7.03537,0.00547558,0.0120926,-1.49143,-1.46198,-1.52129,-1.4298,0.0901297,34
9,128,7.15,7.16185,7.18089,0.00380346,0.00806808,-1.45937,-1.48664,-1.59627,-1.43692,0.187085,58
9,128,7.25,7.27409,7.27362,0.00133939,0.00614738,-1.58385,-1.58996,-1.63752,-1.53622,0.0701471,32
9,128,7.35,7.32705,7.31703,0.00284261,0.00900269,-1.66004,-1.65627,-1.69456,-1.63044,0.045969,43
9,129,6.65,6.69963,6.69963,0,0,-1.19767,-1.19767,-1.21642,-1.17891,0.0187567,2
9,129,6.75,6.74728,6.7453,0.00454503,0.0233467,-1.23226,-1.23009,-1.2638,-1.20896,0.0455673,44
9,129,6.95,6.98041,6.98375,0.00222917,0.00760221,-1.4236,-1.43146,-1.4718,-1.39316,0.0654492,37
9,129,7.05,7.01082,7.01092,0.000886494,0.0023694,-1.40316,-1.4077,-1.41878,-1.38247,0.0307562,15
9,130,6.65,6.68217,6.68121,0.00137801,0.00351143,-1.4373,-1.45506,-1.65095,-1.22906,0.215445,8
9,130,6.75,6.78235,6.78219,0.000139578,0,-1.69557,-1.698,-1.71382,-1.67732,0.0190856,4
9,131,6.75,6.78787,6.79779,0.00465488,0.00149202,-1.62631,-1.64063,-1.66522,-1.58782,0.0489696,19
9,131,6.85,6.84494,6.83557,0.00360478,0.0104561,-1.35311,-1.36902,-1.40824,-1.30767,0.0964198,24
9,131,7.05,7.03407,7.03168,0.00336555,0.000145435,-1.70435,-1.76932,-1.79442,-1.67326,0.142533,14
9,131,7.15,7.15064,7.13871,0.0046683,0.031631,-1.45977,-1.48764,-1.63322,-1.30577,0.212557,78
9,131,7.25,7.25247,7.24656,0.00345851,0.0138431,-1.47305,-1.49114,-1.5723,-1.41897,0.15621,54
9,131,7.35,7.3426,7.34931,0.00265848,0.0164661,-1.69338,-1.69509,-1.75637,-1.62913,0.081235,69
9,132,6.75,6.71674,6.71737,0.000519286,0,-1.33758,-1.35715,-1.3828,-1.29238,0.0544386,6
9,133,6.65,6.68018,6.68187,0.00135828,0.00105858,-1.21441,-1.23112,-1.32791,-1.13791,0.120987,15
9,133,6.75,6.71182,6.71197,0.00123022,0.00284529,-1.43563,-1.44775,-1.47491,-1.43137,0.0513065,6
9,134,6.65,6.67743,6.67983,0.00229587,0.000815868,-1.41022,-1.41869,-1.41874,-1.40594,0.0120457,3
9,134,6.75,6.7866,6.78656,0.000693423,0.00140762,-1.18255,-1.15003,-1.27916,-1.06978,0.138951,17
9,134,6.85,6.84986,6.86235,0.00445603,0.023201,-1.32168,-1.29808,-1.41859,-1.25344,0.109773,27
9,134,6.95,6.95537,6.96771,0.00345924,0.00113535,-1.54931,-1.56875,-1.63012,-1.47106,0.111453,39
9,135,6.65,6.68121,6.68121,2.75302e-07,0,-1.27494,-1.2701,-1.28978,-1.25769,0.0264213,3
9,135,6.75,6.75104,6.74593,0.0054268,0.0379992,-1.3191,-1.3207,-1.36603,-1.25786,0.0724724,42
9,135,6.85,6.85586,6.87149,0.00518894,0.01335,-1.49691,-1.52118,-1.58769,-1.41765,0.126876,43
10,136,6.85,6.85691,6.85998,0.0045564,0.0144835,-1.52711,-1.53263,-1.56623,-1.50395,0.0541055,28
10,136,6.95,6.95552,6.96653,0.00523726,0.0234179,-1.55826,-1.56799,-1.6012,-1.53242,0.0595409,43
10,136,7.05,7.03329,7.04854,0.00265865,0.000419617,-1.60215,-1.599,-1.67283,-1.53397,0.086069,49
10,136,7.15,7.19153,7.19153,0.00015999,0.000226259,-1.59596,-1.59596,-1.61247,-1.57944,0.0165126,2
10,136,7.25,7.25065,7.2594,0.00311413,0.0267015,-1.57325,-1.57534,-1.63334,-1.52101,0.0667449,95
10,136,7.35,7.30766,7.31033,0.000655774,0.00074482,-1.55314,-1.55214,-1.57676,-1.5241,0.0670757,30
10,136,7.75,7.73245,7.73209,0.000261971,0,-1.62484,-1.61892,-1.6703,-1.5758,0.0989671,15
10,136,7.85,7.87881,7.87476,0.000967648,0.000950336,-1.76365,-1.74733,-1.81629,-1.68505,0.11085,47
10,136,7.95,7.95251,7.95783,0.00158965,0.0224376,-1.7835,-1.77227,-1.90946,-1.67696,0.154206,327
10,136,8.25,8.29991,8.29991,0,0,-1.15181,-1.21638,-1.37151,-0.972027,0.244879,16
10,136,8.35,8.30419,8.30343,0.000353524,0.000542641,-1.43703,-1.50521,-1.68718,-1.29585,0.316099,38
10,137,6.65,6.68805,6.69771,0.00306954,0.00176048,-1.32585,-1.31753,-1.44994,-1.21569,0.111893,18
10,137,6.75,6.70181,6.70181,0,0,-1.30946,-1.30946,-1.30946,-1.30946,0,1
10,137,6.85,6.87692,6.8688,0.00204549,0,-1.30058,-1.34473,-1.44976,-1.22629,0.176959,21
10,137,6.95,6.96197,6.96071,0.00307695,0.0231204,-1.50628,-1.5127,-1.55922,-1.46321,0.0988934,67
10,137,7.05,7.03427,7.03803,0.00195379,0.0117288,-1.43947,-1.50823,-1.61892,-1.27981,0.219456,47
10,137,7.55,7.512,7.5143,0.000561808,0.000490189,-1.65247,-1.6549,-1.69201,-1.61076,0.054608,25
10,138,6.75,6.76616,6.76191,0.00213701,0,-1.24652,-1.25876,-1.3059,-1.17273,0.119293,13
10,138,6.85,6.8264,6.83104,0.00181859,0.00373268,-1.42682,-1.43473,-1.51014,-1.3783,0.0907974,29
10,138,7.05,7.04008,7.04149,0.00130449,0.00124168,-1.54743,-1.55886,-1.58359,-1.52264,0.049057,10
10,138,7.15,7.15756,7.16768,0.00248776,2.67029e-05,-1.63897,-1.62917,-1.82396,-1.51856,0.216882,82
10,139,6.75,6.78534,6.78534,1.94668e-07,0,-1.77376,-1.77443,-1.796,-1.75185,0.0251688,6
10,139,6.95,6.95445,6.96952,0.00474288,0.00025177,-1.71879,-1.75367,-1.77937,-1.67408,0.0794335,27
10,139,7.05,7.04261,7.03721,0.00313114,0.0103841,-1.76498,-1.71435,-1.85519,-1.68412,0.100649,22
10,139,7.15,7.18102,7.19108,0.00222627,0.00208426,-1.70601,-1.73115,-1.80753,-1.61628,0.116569,44
10,139,7.25,7.24018,7.24187,0.00163339,0.00385714,-1.71143,-1.72487,-1.82287,-1.60967,0.119794,56
10,139,7.55,7.5675,7.5675,7.06105e-06,0,-1.89878,-1.89921,-1.9153,-1.88477,0.0199356,10
10,139,7.65,7.61718,7.61716,0.000451486,0.00246096,-1.86076,-1.86452,-1.96662,-1.7821,0.086759,50
10,139,7.75,7.73534,7.73644,0.00128327,0.0135827,-1.57397,-1.61047,-1.7303,-1.50479,0.228654,99
10,139,7.85,7.82305,7.8111,0.00186909,0.00366879,-1.74025,-1.73104,-1.81484,-1.66841,0.0936113,85
10,139,7.95,7.9652,7.99123,0.00293312,0.00601673,-1.74162,-1.76883,-1.93622,-1.53473,0.266402,131
10,139,8.05,8.00729,8.00827,0.000191296,0,-1.28326,-1.3559,-1.54885,-1.08288,0.306564,41
10,140,6.75,6.76931,6.76929,7.25901e-05,0,-1.64115,-1.67764,-1.74715,-1.55122,0.123538,28
10,140,6.95,6.96551,6.96139,0.00239824,0.0121531,-1.62346,-1.6587,-1.70673,-1.55425,0.106882,48
10,140,7.25,7.26065,7.26065,1.68587e-07,0,-1.83711,-1.83433,-1.85921,-1.81555,0.023569,8
10,141,6.85,6.86538,6.86542,0.00196997,0.00549102,-1.39907,-1.41106,-1.47193,-1.32878,0.0697581,8
10,141,6.95,6.91729,6.90993,0.00253085,0.00192785,-1.505,-1.50347,-1.56822,-1.45435,0.08775,19
10,141,7.05,7.09178,7.09092,0.000578709,0.00128603,-1.67508,-1.5734,-1.84049,-1.52247,0.163841,14
10,141,7.15,7.19657,7.19626,0.000233185,0,-1.80382,-1.78778,-1.79023,-1.78083,0.0407265,5
10,141,7.25,7.23412,7.21979,0.00184095,0.00080204,-1.60016,-1.62654,-1.78241,-1.50004,0.218397,71
10,142,6.75,6.72196,6.71459,0.00347308,0,-1.52499,-1.52113,-1.59903,-1.4711,0.0702546,9
10,143,6.65,6.68775,6.68599,0.00162794,0,-1.39342,-1.39097,-1.40377,-1.38095,0.0158847,7
10,144,6.65,6.68121,6.68121,1.58946e-07,0,-1.52544,-1.53712,-1.58041,-1.48015,0.0659172,9
10,144,6.75,6.77228,6.78226,0.00412571,0.00327873,-1.54127,-1.5644,-1.60774,-1.46195,0.0902359,13
10,144,6.85,6.83762,6.86036,0.00368262,0.00209713,-1.49061,-1.54451,-1.63843,-1.34412,0.187539,47
10,144,6.95,6.9748,6.97102,0.00344932,0,-1.4381,-1.44604,-1.46289,-1.41113,0.0326782,6
10,145,6.75,6.75709,6.75448,0.00640643,0.0223899,-1.55683,-1.59332,-1.61171,-1.56248,0.0994209,14
10,145,6.85,6.86015,6.85831,0.00135736,0,-1.4169,-1.39316,-1.50594,-1.33957,0.0965095,23
10,145,6.95,6.9441,6.95385,0.00385006,0.012569,-1.40656,-1.46967,-1.57287,-1.24339,0.29195,52
10,145,7.05,7.04692,7.0471,0.00017118,0,-1.51752,-1.62606,-1.79674,-1.32803,0.33389,45
10,146,6.65,6.68404,6.68284,0.00207194,0.00358486,-1.09254,-1.04428,-1.25636,-0.945756,0.22073,12
10,146,6.75,6.70785,6.70798,0.00027324,0,-1.29988,-1.35559,-1.38335,-1.23034,0.116639,13
10,147,6.65,6.68684,6.68933,0.00234072,0.00912523,-1.26774,-1.27609,-1.38211,-1.14738,0.122803,22
10,147,6.75,6.71289,6.71448,0.0015891,0.00513673,-0.947603,-0.992557,-1.03822,-0.863606,0.100203,16
11,148,6.75,6.72916,6.73729,0.00218373,0.00306702,-1.45007,-1.4486,-1.51941,-1.39648,0.0857687,28
11,148,6.85,6.85156,6.85286,0.000672479,0.000493526,-1.48078,-1.46822,-1.55801,-1.39865,0.105581,19
11,148,7.05,7.00937,7.00937,0.00012172,0.000172138,-1.67408,-1.67408,-1.68183,-1.66633,0.00775188,2
11,148,7.15,7.12339,7.12023,0.00353901,0.000236988,-1.76067,-1.76236,-1.84987,-1.68714,0.0934576,21
11,148,7.25,7.22468,7.20442,0.00484607,0.00355434,-1.73808,-1.74259,-1.78534,-1.69565,0.0520709,35
11,148,7.45,7.45238,7.45452,0.00241425,0.011899,-1.75414,-1.76181,-1.80719,-1.70339,0.0652077,56
11,148,7.55,7.50604,7.50655,0.000226073,0.000790596,-1.65809,-1.67382,-1.70998,-1.60945,0.0724037,29
11,148,7.75,7.75292,7.75541,0.000465993,0.00245762,-1.74865,-1.78565,-1.87952,-1.62917,0.16167,88
11,148,7.85,7.89547,7.89547,6.15346e-05,8.70228e-05,-1.86409,-1.86409,-1.89567,-1.83252,0.031575,2
11,148,7.95,7.94428,7.94673,0.00165077,0.00369596,-1.84885,-1.88194,-1.91846,-1.80418,0.106253,106
11,148,8.05,8.05702,8.0579,0.000740987,0.00524616,-1.86409,-1.90655,-1.96085,-1.81536,0.133222,105
11,148,8.15,8.1567,8.13699,0.00327446,0.0185471,-1.92993,-1.9447,-1.99424,-1.87961,0.11101,128
11,148,8.25,8.21931,8.21903,0.000764419,0.00976372,-1.95125,-1.95814,-2.05071,-1.88294,0.125077,201
11,148,8.45,8.49494,8.49417,0.00030975,0,-2.27039,-2.28667,-2.30161,-2.26898,0.0814517,25
11,148,8.55,8.53961,8.53953,2.4765e-05,0,-1.98561,-2.10285,-2.30944,-1.81822,0.414244,149
11,149,6.75,6.78284,6.78284,1.58946e-07,0,-1.46303,-1.4764,-1.52158,-1.41663,0.065079,9
11,149,6.85,6.82386,6.82265,0.000813828,0.00117278,-1.38555,-1.3944,-1.4348,-1.328,0.0562957,12
11,149,6.95,6.99789,6.99863,0.000506362,0.000117779,-1.50931,-1.52934,-1.54811,-1.50126,0.0480205,5
11,149,7.05,7.05669,7.05835,0.00321384,0.0177436,-1.66691,-1.67609,-1.71106,-1.61443,0.0662882,45
11,149,7.25,7.29906,7.29975,0.000220393,0,-1.60831,-1.61746,-1.61746,-1.60913,0.0249781,20
11,149,7.35,7.33192,7.34662,0.00246914,0,-1.71696,-1.77924,-1.84771,-1.61017,0.157181,49
11,150,6.85,6.85777,6.85869,0.000454305,0,-1.5284,-1.5299,-1.54723,-1.50143,0.0330436,7
11,151,6.65,6.6972,6.69665,0.000448385,0,-1.57637,-1.5677,-1.58786,-1.56055,0.0231195,3
11,151,6.75,6.7334,6.73247,0.00126092,0,-1.45982,-1.48,-1.53461,-1.39589,0.12677,23
11,152,6.65,6.68671,6.68588,0.00248611,0.00777388,-1.29458,-1.31215,-1.34782,-1.24037,0.0705266,12
11,152,6.75,6.72014,6.72214,0.00182057,0,-1.40559,-1.422,-1.44775,-1.35912,0.0592594,8
11,152,6.85,6.89362,6.89396,0.000126978,0,-1.42859,-1.41656,-1.50475,-1.38784,0.0646992,9
11,152,6.95,6.93691,6.93502,0.00269635,0.0175929,-1.59658,-1.59541,-1.6503,-1.56118,0.0631078,36
11,152,7.35,7.31578,7.31578,0.00069458,0.000982285,-1.58236,-1.58236,-1.60892,-1.55579,0.0265645,2
11,153,6.65,6.69728,6.69728,0,0,-1.34076,-1.34076,-1.34076,-1.34076,0,1
11,153,6.75,6.73267,6.72788,0.00169226,0.00492811,-1.35167,-1.3775,-1.43261,-1.29473,0.140003,24
11,153,6.85,6.84028,6.84028,0,0,-1.47148,-1.47148,-1.47148,-1.47148,0,1
11,153,6.95,6.96734,6.9663,0.00134801,0.00576401,-1.45752,-1.46481,-1.52578,-1.38996,0.0817714,20
11,154,6.65,6.67227,6.6737,0.000839267,0.0014894,-1.0774,-1.08978,-1.21046,-0.954176,0.209863,18
11,154,6.95,6.94682,6.94702,0.00176877,0.0110307,-1.16231,-1.2149,-1.33119,-0.991831,0.21477,39
11,154,7.05,7.05482,7.0428,0.00408885,0.00480795,-1.46018,-1.47495,-1.50268,-1.42362,0.0528746,33
11,154,7.15,7.15826,7.16739,0.00511142,0.0217509,-1.56313,-1.58184,-1.6008,-1.52269,0.0594899,44
11,154,7.25,7.23257,7.20185,0.00790755,0,-1.60229,-1.6015,-1.63788,-1.56241,0.0520887,17
11,155,6.65,6.66706,6.66706,0,0,-1.32476,-1.32476,-1.32476,-1.32476,0,1
11,156,6.65,6.68441,6.6843,4.93678e-05,0,-1.26294,-1.28484,-1.31144,-1.23677,0.0668911,9
11,156,6.75,6.76227,6.7609,0.00468894,0.028214,-1.48248,-1.49967,-1.54927,-1.40904,0.0914099,32
11,156,6.85,6.83548,6.83546,0.00189947,0.0109024,-1.50638,-1.51528,-1.55886,-1.44405,0.0756119,30
11,156,6.95,6.96837,6.97186,0.00180509,0.00313902,-1.55316,-1.55813,-1.5955,-1.52924,0.0570628,27
11,156,7.15,7.14427,7.14359,0.00101075,0.00358105,-1.72167,-1.84001,-1.86364,-1.53162,0.168465,19
11,156,7.25,7.29644,7.29651,0.000126241,0,-1.51689,-1.60526,-1.77333,-1.32014,0.311942,49
11,156,7.35,7.35919,7.35614,0.00176974,0.000240803,-1.62756,-1.67395,-1.72622,-1.54863,0.127664,45
11,156,7.55,7.51405,7.51487,0.000688003,0.000549316,-1.70393,-1.73108,-1.76437,-1.6504,0.0992464,40
11,156,7.65,7.63455,7.63435,0.00102655,0.0103705,-1.88193,-1.83193,-1.98742,-1.78307,0.137796,100
11,156,7.85,7.85224,7.85213,0.000127198,0,-1.87218,-1.88017,-1.98231,-1.79084,0.12053,41
11,156,8.15,8.13901,8.13482,0.000560865,0,-1.67071,-1.82702,-1.9336,-1.48179,0.37129,75
11,157,6.85,6.86387,6.85944,0.00175266,0.000540733,-1.53559,-1.50475,-1.54495,-1.50011,0.05934,19
11,157,6.95,6.97441,6.97465,0.00239855,0.000579834,-1.63699,-1.64445,-1.68578,-1.59866,0.0864105,27
11,157,7.05,7.01697,7.02276,0.0020816,0.0111318,-1.53431,-1.57052,-1.63986,-1.39568,0.16362,42
11,158,6.75,6.76407,6.76394,0.00168979,0.00410295,-1.38288,-1.38837,-1.42734,-1.34725,0.0570649,14
11,158,6.85,6.85192,6.8623,0.00368206,0.00268388,-1.32506,-1.34425,-1.48903,-1.22239,0.179761,34
11,158,7.15,7.14638,7.1508,0.00142148,0.00538683,-1.49425,-1.52818,-1.58066,-1.42342,0.098096,42
11,158,7.45,7.4448,7.4392,0.00533968,0,-1.69619,-1.69274,-1.70872,-1.6838,0.0144257,6
11,158,7.55,7.55206,7.56558,0.00334213,0.0140538,-1.70963,-1.70422,-1.82597,-1.61832,0.145236,95
11,158,7.65,7.6134,7.61345,1.39758e-05,0,-1.88318,-1.82806,-2.08394,-1.77254,0.138867,26
11,158,7.75,7.744,7.72921,0.00247561,0,-1.66424,-1.77975,-2.0388,-1.43812,0.403931,74
11,158,7.85,7.80166,7.80141,0.000185723,0.00119352,-1.98458,-2.01159,-2.08824,-1.88022,0.111278,53
11,159,6.65,6.69032,6.69032,0,0,-1.37918,-1.38661,-1.39768,-1.35908,0.0321142,5
11,159,6.75,6.74482,6.74635,0.00433488,0.0175219,-1.37279,-1.38208,-1.43734,-1.31758,0.0871289,34
11,159,6.85,6.83301,6.82534,0.00238855,0.00652456,-1.51968,-1.50472,-1.58084,-1.45725,0.0846153,32
11,159,7.15,7.17886,7.17737,0.0015084,0.0120654,-1.65676,-1.65381,-1.71423,-1.55893,0.122358,60
11,159,7.25,7.26759,7.2692,0.000721887,0,-1.58049,-1.63387,-1.74142,-1.42296,0.177434,37
11,160,6.95,6.97157,6.98919,0.00399893,0.0103741,-1.47494,-1.46356,-1.53103,-1.42495,0.0910707,35
11,160,7.05,7.09712,7.09931,0.00101118,0.000279427,-1.4491,-1.45254,-1.49127,-1.41438,0.0549916,21
11,161,6.75,6.74016,6.74021,0.00118681,0.000781059,-1.28989,-1.29985,-1.31731,-1.26348,0.0438967,12
11,162,6.65,6.69744,6.69744,0,0,-1.43354,-1.43354,-1.43354,-1.43354,0,1
11,162,6.75,6.72236,6.73058,0.00184913,0.00340271,-1.42776,-1.44064,-1.52169,-1.34324,0.112694,36
11,162,6.85,6.84197,6.84197,0.00107373,0.00151849,-1.33462,-1.33462,-1.34482,-1.32442,0.0102012,2
11,163,6.75,6.72904,6.73528,0.00259267,0,-1.26929,-1.28079,-1.31681,-1.20852,0.0579509,12
11,163,6.85,6.87708,6.88412,0.00268153,0.0121794,-1.29937,-1.29231,-1.47117,-1.18645,0.174553,45
11,164,6.65,6.68369,6.68438,0.000634386,0,-1.61983,-1.61357,-1.64219,-1.58753,0.0458426,7
11,164,6.75,6.72235,6.71383,0.00199221,0.000151157,-1.62359,-1.64962,-1.69797,-1.56791,0.0994062,32
11,164,6.85,6.85096,6.84939,0.00132228,0.0011642,-1.62307,-1.62165,-1.65773,-1.57135,0.0648821,26
11,164,7.15,7.1617,7.15441,0.0019118,0.0119977,-1.55316,-1.58969,-1.65868,-1.47134,0.125347,52
11,164,7.25,7.22305,7.22308,0.000187752,0,-1.54155,-1.57947,-1.63401,-1.44293,0.143325,26
11,164,7.35,7.31006,7.30369,0.0027589,0,-1.48016,-1.58203,-1.64382,-1.25774,0.204207,38
11,165,6.75,6.75209,6.74389,0.00398536,0.010632,-1.49456,-1.49803,-1.56321,-1.43762,0.0871181,31
11,166,6.75,6.76825,6.78419,0.00469879,0.00339174,-1.33011,-1.36281,-1.42897,-1.24805,0.12881,27
11,166,6.85,6.81266,6.81242,0.000424788,0.00126266,-1.21783,-1.23621,-1.25157,-1.20005,0.0405004,7
11,166,6.95,6.9862,6.99721,0.00446527,0.000432491,-1.4527,-1.50619,-1.56318,-1.38475,0.123794,19
11,166,7.05,7.02979,7.03252,0.000959073,0,-1.39374,-1.39924,-1.55258,-1.28631,0.176577,28
11,167,6.75,6.74323,6.77412,0.00676257,0.00503349,-1.2797,-1.38895,-1.53399,-0.999143,0.291809,28
11,167,6.85,6.89667,6.89709,0.000152416,0,-1.17499,-1.22359,-1.31672,-1.05261,0.174181,14
11,168,6.75,6.77772,6.77976,0.00314735,0.0184598,-1.34587,-1.37005,-1.42031,-1.25159,0.0969386,30
11,168,6.85,6.85594,6.86577,0.0026821,0.00932145,-1.32883,-1.35762,-1.49486,-1.14872,0.202339,44
11,168,7.25,7.25207,7.25069,0.00149425,0.00761414,-1.84838,-1.85955,-1.91775,-1.79051,0.0898349,23
11,168,7.35,7.31787,7.31951,0.000722609,7.48634e-05,-1.41107,-1.53531,-1.70504,-1.1696,0.346941,60
11,169,6.75,6.71308,6.71579,0.00145753,0.00404215,-1.44391,-1.42888,-1.50343,-1.36812,0.0914334,25
11,169,6.85,6.81677,6.81691,0.000207063,0,-1.4225,-1.437,-1.4894,-1.3545,0.0999653,11
11,169,6.95,6.95382,6.95455,0.000661973,0,-1.32815,-1.32923,-1.42734,-1.25766,0.0961143,12
12,170,6.75,6.7694,6.78515,0.00511243,0.013319,-1.54913,-1.55448,-1.57221,-1.50823,0.0466243,31
12,170,6.85,6.81242,6.81242,0,0,-1.53089,-1.53089,-1.53089,-1.53089,0,1
12,170,7.05,7.0765,7.07636,0.000251947,0,-1.54749,-1.54391,-1.56696,-1.52144,0.0401253,8
12,170,7.15,7.15481,7.17425,0.00400351,0.00013113,-1.65408,-1.6716,-1.72833,-1.60768,0.0989532,46
12,170,7.25,7.20727,7.20877,0.000837651,0.00156832,-1.63046,-1.62279,-1.65743,-1.59658,0.0427384,15
12,170,7.35,7.31929,7.3207,0.00065831,0.000429153,-1.63571,-1.64114,-1.64778,-1.63287,0.0308288,21
12,170,7.45,7.46401,7.4716,0.00255638,0.0190778,-1.61766,-1.62901,-1.71024,-1.53306,0.0953472,75
12,170,7.65,7.67239,7.66558,0.00251813,0.000879526,-1.76653,-1.7615,-1.80475,-1.73337,0.0430853,30
12,170,7.75,7.71318,7.7166,0.000842643,0.00293732,-1.84009,-1.83531,-1.86053,-1.81408,0.0319087,53
12,170,8.05,8.0755,8.09399,0.00460515,0.000988007,-1.83222,-1.83245,-1.86141,-1.80149,0.0337755,42
12,170,8.15,8.1444,8.12605,0.00344953,0.0235329,-1.86592,-1.86673,-1.90208,-1.82736,0.0479795,102
12,170,8.25,8.24896,8.24352,0.00165756,0.0240269,-1.62738,-1.69516,-1.84222,-1.4809,0.308663,256
12,170,8.35,8.31528,8.31777,0.00073451,0.0111151,-1.71809,-1.75908,-1.82803,-1.6254,0.168868,205
12,171,6.65,6.6876,6.6876,0,0,-1.35915,-1.35915,-1.35915,-1.35915,0,1
12,171,6.75,6.70655,6.7079,0.00121388,0.00449514,-1.34379,-1.35915,-1.37875,-1.29321,0.0535629,15
12,172,6.95,6.94911,6.94847,0.00233798,0.00238276,-1.10274,-1.14808,-1.2165,-1.0148,0.167452,21
12,172,7.05,7.03348,7.03241,0.00174822,0.00739002,-1.15179,-1.17888,-1.21772,-1.1069,0.0850456,33
12,172,7.15,7.14285,7.14597,0.00123787,0.00576353,-1.33611,-1.33701,-1.35628,-1.30691,0.0473403,36
12,172,7.45,7.48153,7.48267,0.00175808,0.00490189,-1.54844,-1.54277,-1.59343,-1.51147,0.0569508,44
12,172,7.55,7.52174,7.52228,0.000452695,0.00128412,-1.5753,-1.56866,-1.62545,-1.53582,0.0519279,30
12,172,7.65,7.68022,7.68678,0.00288597,0.00561571,-1.6179,-1.62169,-1.64925,-1.57586,0.0546147,51
12,172,7.75,7.72103,7.72329,0.000787171,0.00418186,-1.65844,-1.65856,-1.68131,-1.63569,0.0378179,44
12,173,6.85,6.85023,6.85338,0.00358317,0.0131402,-1.24575,-1.27892,-1.38328,-1.09226,0.148655,14
12,173,6.95,6.94167,6.92963,0.00379397,0.00188875,-1.33226,-1.33618,-1.36117,-1.29566,0.0630628,17
12,173,7.15,7.12828,7.11705,0.00347628,0.00332642,-1.34652,-1.35157,-1.41011,-1.30047,0.068713,25
12,174,6.85,6.82006,6.82006,0,0,-1.41331,-1.41365,-1.44621,-1.37845,0.0448997,5
12,174,6.95,6.959,6.96422,0.00215347,0.00533628,-1.29346,-1.32294,-1.4261,-1.157,0.170617,24
12,174,7.05,7.03517,7.03106,0.00247108,0.0180168,-1.31984,-1.33616,-1.42569,-1.2452,0.152411,54
12,174,7.15,7.13719,7.15613,0.00511128,0.0131145,-1.34101,-1.34926,-1.41445,-1.29946,0.0873317,31
12,175,6.65,6.67946,6.67391,0.00320512,0,-1.44158,-1.44327,-1.46195,-1.43129,0.0186557,6
12,175,6.75,6.75342,6.75462,0.00220038,0.00709391,-1.42525,-1.44376,-1.48753,-1.3772,0.0861475,26
12,176,6.65,6.68734,6.68639,0.00171149,0.000402451,-1.02925,-0.975383,-1.12389,-0.938648,0.144128,7
12,176,6.75,6.70173,6.70173,0,0,-1.23623,-1.23623,-1.23623,-1.23623,0,1
12,176,6.85,6.85844,6.86015,0.00222779,0.0109787,-1.44053,-1.44858,-1.50112,-1.40126,0.0802703,37
12,177,6.65,6.68122,6.68739,0.00309251,0.00748873,-1.114,-1.10667,-1.15523,-1.09215,0.0533218,18
12,177,6.75,6.72762,6.73007,0.00267658,0.0108314,-1.14583,-1.13777,-1.17553,-1.13031,0.0389728,21
12,178,6.75,6.74768,6.74782,0.000564105,0,-1.10479,-1.14188,-1.2317,-1.00387,0.153001,13
12,178,6.85,6.895,6.89699,0.00187318,0,-1.24435,-1.27814,-1.33423,-1.15323,0.102573,12
12,178,6.95,6.95808,6.9667,0.00529264,0.0244508,-1.20508,-1.25722,-1.33335,-1.09664,0.167231,31
12,178,7.05,7.01979,7.01652,0.00207588,0.0101643,-1.36402,-1.3589,-1.41129,-1.32265,0.0651987,32
12,179,6.65,6.68952,6.68952,0,0,-1.20608,-1.21175,-1.24515,-1.15958,0.0515732,5
12,179,6.75,6.75655,6.76232,0.00468737,0.026608,-1.17866,-1.21065,-1.26647,-1.11345,0.120734,47
12,180,6.65,6.66902,6.6663,0.00243401,0,-0.94254,-0.950223,-1.03886,-0.838704,0.132175,5
12,180,6.75,6.74107,6.74121,0.000132864,0,-1.0067,-1.04005,-1.12382,-0.90963,0.122448,8
12,180,6.85,6.8617,6.86106,0.00186583,0.00656176,-1.19585,-1.21042,-1.26396,-1.14987,0.100822,18
12,180,6.95,6.98849,6.99087,0.00162304,0.00379109,-1.22243,-1.25789,-1.32412,-1.16842,0.115931,22
12,180,7.05,7.04165,7.04192,0.00161223,0.00840044,-1.20867,-1.22781,-1.28066,-1.13973,0.0876926,26
12,180,7.25,7.23818,7.24714,0.00191553,0.00876093,-1.39816,-1.39747,-1.48717,-1.32917,0.104073,49
12,181,6.65,6.67208,6.67208,0,0,-1.16207,-1.16207,-1.16207,-1.16207,0,1
12,182,6.65,6.67523,6.67415,0.000488063,0,-1.03908,-1.01768,-1.1026,-0.95722,0.107722,16
12,183,6.65,6.66921,6.66857,0.000348302,0,-1.03665,-1.03895,-1.03895,-1.03598,0.0492537,5
12,183,6.75,6.76291,6.76675,0.00405529,0.0222979,-1.08729,-1.09221,-1.14738,-1.03598,0.0860577,46
12,184,6.65,6.68017,6.67844,0.00268828,0.00356817,-0.971435,-0.969257,-1.02448,-0.94164,0.060014,12
12,184,6.75,6.70228,6.70243,0.000259591,0.00077486,-0.839811,-0.874447,-0.895636,-0.759107,0.0668966,5
12,185,6.65,6.65495,6.65495,0,0,-0.759107,-0.759107,-0.759107,-0.759107,0,1
12,186,6.65,6.67753,6.67753,2.13248e-07,0,-0.745404,-0.717453,-0.848887,-0.664208,0.125533,5
12,186,6.75,6.71879,6.71999,0.00214623,0.00606489,-0.820019,-0.827886,-0.864281,-0.742983,0.119141,18
